name,rating,review,time,sentimen
Erik Nawaca Harahap,5,"Bagus jembatannya tapi tutup dimalam hari, tapi bisa nongkrong dan minum kopi di pinggir sungai mahakam dan bisa mancing juga..jembatan ini jalam mau kalai ke pulau bisa juga", 31-03-2024,Positif
firmansyah zeppy,5,"Mantapppp,,,, rawat dan jaga aset kembangkan untuk pariwisata dan identitas budaya, Jembatan adalah aset kebanggaan masyarakat Kab. Tenggarong", 01-03-2024,Positif
Mita Hady,4,"Jembatan penyebrangan ke pulau kumala. Pas desember 2022 kemarin ke sana sedang direnovasi, dicat kembali. Pemandangan cukup bagus... Mudahan dimajukan kembali dan diberdayakan kembali pulau kumala ini, dikelola lebih baik lagi biar jadi destinasi utama lagi kalau ke tenggarong. Selain jadi pemasukan daerah, bisa jadi pusat tempat wisata budaya dan edukasi khususnya di Kaltim.Jembatan penyebrangan ke pulau kumala.", 31-05-2023,Positif
Ros Aizam,5,Pas kesini lg ada pengecatan bagus banget liat pemandangan dari atas tapi saya ada phobia ketinggian jadi pas mau liat ke bawah tu lemes lutut , 02-12-2023,Positif
Supri Yanus,5,Pernah kesini pada 7 Maret 2019...Bisa berjalan kaki menyeberangi jembatan repo repo ke Pulau Kumala...Pulau Kumala tempatnya bagus... Wisata yang nyaman buat perorangan maupun keluarga. Fasilitas lengkap... Ada banyak obyek wisata di dalam pulau kumala ini...tempatnya teduh dengan rindangnya tanaman... Sangat layak untuk di kunjungi..., 31-05-2022,Positif
papayoga,4,Jembatan yang menghubungkan kota Tenggarong dengan pulau Kumala yang berada di kabupaten Kutai Kartanegara. Cukup dengan membayar tiket masuk tak kurang dari 10 ribu rupiah dan dibuka hampir tiap hari mulai pagi hingga petang. Layak untuk dikunjungi bersama dengan keluarga., 01-06-2019,Positif
Firda Norma Alida S,5,"Tempat wisata yang wajib di kunjungi keluarga. Banyak spot-spot unik yang keren buaf foto. Areanya luas banget. Tapi jangan khawatir, ada jasa penyewaan kendaraan (sepeda dan motor listrik). Banyak yang jual makanan dan cinderamata juga. Pokoknya good place. Kekurangannya sih mungkin kalau siang hari mataharinya disini terik banget.", 01-06-2018,Positif
yopie franz,5,"Menjadi destinasi terakhir yang kami kinjungi dari serangkaian tempat wisata lain yang ada di Tenggarong.Tadinya berpikir bakal biasa saja. Ternyata kalau jalan bareng kawan-kawan bakal lebih seru kemari. Selain tentu saja kalau ajak keluarga.Merasakan sensasi.berjalan di atas jembatan yang kadang sedikit bergoyang karena terkena tiupan angin.Bisa foto-foto atau merekan video selama berada di atas jembatan. Atau foto jembatan ini sebelum nyeberang dan dari arah Pulau Kumala.Ada bayar tiket masuk jembatan. Murah, hanya Rp. 7000/orang.Oya, ada banyak kunci gembok di jembatan ini. Sepertinya ada semacam kebiasaan pasangan-pasangan muda untuk memasang gembok bertuliskan nama mereka di sini.Nice bridge to see.Recommended.Menjadi destinasi terakhir yang kami kinjungi dari serangkaian tempat wisata lain yang ada di Tenggarong. â€šÃ„Â¶Lengkapnya", 31-05-2021,Positif
Titik Setyawati,4,"Udah berapa kali ya kesini selalu seru sih, ada banyak transportasi yang bisa disewa disini untuk mengexplore semua tempat di pulau kecil ini ada sepeda, skuter listrik, delman, kereta api mini dan byk lagi yg lain tinggal pilih yg mana dengan biaya sewa beda-beda ya sesuaikan sama budget aja.Cuma pulaunya kurang terawat dari segi kebersihan nya karena sempet ditutup bbrp waktu lalu. Kalo kesini pastikan bawa makanan atau minuman yaa karena didalam gak ada yg jual jadi pastikan sebelum lewat jembatan penyeberangan cari bekel dulu ï£¿Ã¼Ã²Ã…ï£¿Ã¼Ã²Ã…ï£¿Ã¼Ã²Ã…Tapi gak banyak foto kalo kesini, karena selalu pas hp ngedrop ï£¿Ã¼Ã²Â¢ï£¿Ã¼Ã²Â¢ï£¿Ã¼Ã²Â¢Jadi full menikmati wisata ajaUdah berapa kali ya kesini selalu seru sih, ada banyak transportasi yang bisa disewa disini untuk mengexplore semua tempat di pulau kecil ini ada sepeda, skuter listrik, delman, kereta api mini dan byk lagi yg lain tinggal pilih yg mana â€šÃ„Â¶Lengkapnya", 31-05-2021,Positif
NURDIANTORO _,5,"View nya indah jembatan penyebrangan ke pulau kumala,perlu banyak perawatan dan pengecatan", 03-09-2023,Positif
AMJS,5,"Pernah mandu Wisata 16 Wisatawan dari Negara Latvia kesini, Kaget ternyata seperti di Negara Francis juga ada jembatan yang dipasangi gembok dan Kuncinya dibuang ke sungai, terus Ojek payungnya unik, kreatif", 31-03-2024,Positif
Laras Nuritasani,5,"View nya bagus, tapi pas kesini cuaca panas bgttttt rekomended baw payung/topi bisa juga sewa payung ke buibu yg dibawah jembatan", 31-05-2023,Positif
Jerry Amnro,5,"Jembatan penghubung pulau kumala, repo-repo yg berarti gembok. tempat ini sangat instagramable, dan sangat cocok untuk pasangan yg mau berfoto-foto, karena kamu bisa memasang gembok dan menulis namamu di gembok. Paling bagus kalau waktu senja lur, pemandangannya sangat indah. Kalau ke tenggarong wajib datang ke tempat ini", 01-06-2019,Positif
Tara Andria,4,"Tempat wisata bersejarah dan ikonik di Kabupaten Kutai Kartanegara. Kalo pas naik pesawat, pulau Kumala ini begitu mencolok dan menjadi penanda bahwa kita sudag dekat bandara tujuan ï£¿Ã¼Ã²Ã…Tempat parkir motor dan mobil luas, petugas parkir ramah. Banyak penjaja makanan dan minuman, tidak perlu takut lapar. Saat matahari sedang terik, ada juga jasa penyewaan payung. Untuk ke pulau Kumalanya sendiri, kita harus berjalan melewati Jembatan Repo Repo yang ikonik.   Cukup jauh, jadi pastikan menggunakan sepatu dan pakaian yang nyaman. Tiket masuk dihargai 7000 per orang. Di dalam terdapat penyewaan motor listrik, sepeda, dan ada juga kereta odong odong yang bisa digunakan untuk mengelilingi pulau Kumala. Sebenarnya pulau ini sangat bagus, dan banyak potensinya, tapi sayang perawatannya kurang maksimal. Jika tidak dijaga dan dibiarkan rusak, akan sangat sayang sekali. Tolong kepada pemerintah setempat untuk memperhatikan hal ini, agar dapat bersaing dengan wisata khas daerah lain.Tempat wisata bersejarah dan ikonik di Kabupaten Kutai Kartanegara. Kalo pas naik pesawat, pulau Kumala ini begitu mencolok dan menjadi penanda bahwa kita sudag dekat bandara tujuan ï£¿Ã¼Ã²Ã… â€šÃ„Â¶Lengkapnya", 31-05-2020,Netral
Satwiko Budiono,4,"Jembatan Repo-Repo ini sungguh sangat menawan hati. Warna kurning khas Kalimantan ini sangat memikat. Pemandangan sekitarnya juga bagus banget. Kalau ke Tenggarong, wajib banget buat foto di jembatan ini. Foto-foto yang dihasilkan di sini pastinya bagus apalagi gabungan sungai, awan, dan pohon di seberangnya menambah apik pemandangan di Jembatan Repo-Repo ini.Jembatan Repo-Repo ini sungguh sangat menawan hati. Warna kurning khas Kalimantan ini sangat memikat. Pemandangan sekitarnya juga bagus banget. Kalau ke Tenggarong, wajib banget buat foto di jembatan ini. Foto-foto yang dihasilkan di sini â€šÃ„Â¶Lengkapnya", 31-05-2020,Positif
Rikhsan Kurniatuhadi,5,Jembatan yang menghubungkan kota tenggarong ke pulau kumala ini memiliki daya tarik tersendiri yaitu sebagai akses utama ke wisata pulau kumala dan cocok untuk tempat berswafoto. Selain itu terdapat banyak gembok yang terdapat pada jembatan sebagai pengunci rahasia pengunjung., 01-06-2019,Positif
Dewi Annisa Mamaraffiyya,5,"Jembatan yg bagus dan kokoh serta jembatan yg bisa membuat org menjadi sehat, jembatan yg menghubungkan kota Tenggarong langsung ke pulau Kumala dg menyebrang berjalan kaki maka para wisatawan bisa menikmati keindahan kota Tenggarong dan bisa melihat langsung sungai Mahakam lewat jembatan repo-repo ini. Repo repo dalam bahasa Kutai artinya kunci / gembok yg di mana kalian bisa pasang gembok cinta di sana, ayo jelajahi kota Tenggarong dan kalian harus singgah ke jembatan repo repo ini untuk lanjut menjelajahi pulau Kumala. Jangan lupa bawa gembok cinta ya buat pasangan muda mudi yg ingin mengabadikan cintanya di jembatan ini.Jembatan yg bagus dan kokoh serta jembatan yg bisa membuat org menjadi sehat, jembatan yg menghubungkan kota Tenggarong langsung ke pulau Kumala dg menyebrang berjalan kaki maka para wisatawan bisa menikmati keindahan kota Tenggarong dan â€šÃ„Â¶Lengkapnya", 31-05-2020,Positif
Tia Julianti,4,Tempatnya luas. Tiket masuknya murah. Saking luasnya mau yg ala2 bali gak nemu ï£¿Ã¼Â§Â£ gpp nanti kesini lagi deh. Sewa sepeda lagi modal Rp 30.000 sampe gemporï£¿Ã¼Ã²Ã‡ gak semua terawat dgn baik tapi it's okay utk jalan2, 31-05-2021,Netral
Heny Shahila,5,Bagus banget ngeliat pemandangannya dr jembatan.. Pernah kesana 2 tahun lalu sebelum pandemi dan tahun ini kesini lagi karena pandemi tempat ini ditutup sementara. Kata penjaganya udh 2 thn ini d tutup.., 31-05-2022,Positif
Adi Pratama,5,A nice island to spend with family. They provide nice spot to take picture with the beautiful Mahakam river with the iconic Tenggarong Bridge as the background. You can access the Island from Tenggarong city by walking on the bridge or to make it more interesting you can rent a boat, 01-06-2018,Positif
budi setyawan,5,Tempat yang asik untuk wisata Alam. Tiket masuk Murah. Untuk ke pulau kumala harus menyeberang jembatan. Dimana di samping pagar Kiri Dan kanan terdapat gembok yang dipasang. Biasanya pasangan muda mudi memasang gembok di pagar  sebagai perwujudan Cinta mereka yang akan setia seperti Sepasang gembok. Menikmati berkeliling Pulau kumala di tengah sungai Mahakam bisa menyewa sepeda listrik. Cukup puas berkeliling. Namun Ada beberapa lokasi yang kurang terawat. But it's worthed. Kalo lapar Dan Haus. Di dalam area pulau kumala banyak warung makan Dan camilan. So let's vacation..Tempat yang asik untuk wisata Alam. Tiket masuk Murah. Untuk ke pulau kumala harus menyeberang jembatan. Dimana di samping pagar Kiri Dan kanan terdapat gembok yang dipasang. Biasanya pasangan muda mudi memasang gembok di pagar  sebagai â€¦Lengkapnya, 01-06-2018,Positif
Luthfi Yuliastika,3,"Salah satu obyek wisata yg kurang terawat. Sayang sekali, padahal dengan lahan yg luas dan wahana yg banyak bisa menarik byk wisatawan. Untuk kebersihan terjaga baik. Namun untuk wahana, sarana, dll kurang terjaga dan banyak yg rusak.", 01-06-2019,Negatif
hamdani hb,5,"jembatan ini unik karena melintas sungai Mahakam di Tenggarong. dikatakan jembatan repo repo karena orang yang naik ke jembatan ini ada yang membawa repo-repo (gembok) yang dikuncikan di besi-besi jembatan dengan niat tertentu, kemudian kuncinya dilemparkan ke sungai Mahakam. Ada banyak sekali repo-repo yang tertempel di jembatan ini.... semoga saja niat mereka terkabul hajat.jembatan ini unik karena melintas sungai Mahakam di Tenggarong. dikatakan jembatan repo repo karena orang yang naik ke jembatan ini ada yang membawa repo-repo (gembok) yang dikuncikan di besi-besi jembatan dengan niat tertentu, kemudian â€¦Lengkapnya", 01-01-2024,Positif
Husin kio,4,Ini sebagai salah satunya fasilitas untuk pengunjung... yang dapat kita nikmati...  terutama untuk orang yang Phobia naik kendaraan air...di sisi kiri dan kanan jembatan kita bisa memasang gembok cinta...yang Jomblo atau Ldr pasti Baperan kalau liat ada pasangan muda mudi yang lagi pasang gembok cinta.a disini...Ini sebagai salah satunya fasilitas untuk pengunjung... yang dapat kita nikmati...  terutama untuk orang yang Phobia naik kendaraan air...di sisi kiri dan kanan jembatan kita bisa memasang gembok cinta... â€¦Lengkapnya, 01-06-2017,Netral
Istifatun Zaka,5,Tempat yang bagus buat foto hehehe. Pas senja juga bagus. Kalau malam bagus juga buat background foto karena ada lampu yang menyala., 31-05-2022,Positif
hendi basuki,4,Jembatan yang berdiri di atas sungai Mahakam yang menghubungkan antara kota Tenggarong dengan Pulau Kumala. Bagus buat spot foto., 01-06-2019,Netral
Mayong Mayangsari,5,"This bridge takes you to Kumala Island from Tenggarong city. This bridge is quite long so dont forget bring a hat or an umbrella. But dont worry if you donâ€™t bring it, you can rent there.The ticket is 5000 rupiah for children and 10.000 rupiah for an adult.This bridge takes you to Kumala Island from Tenggarong city. This bridge is quite long so dont forget bring a hat or an umbrella. But dont worry if you donâ€™t bring it, you can rent there. â€¦Lengkapnya", 31-05-2023,Positif
Irfan Yourdani,5,"Arena wisata sekalian unk joging,,,alangkah baiknya kalau di pulau kumala diberi bermacam satwa,,misalnya aquarium raksasa  isinya ikan pesut, jg kebun binatang mini ,misal binatang payau, orang utan ,gajah dan teman temannya,tu akan menambah daya tarik wisata,,", 01-06-2017,Positif
Muhammad Irvan,5,"Tempat berkumpul dan wisata alternatif warga dan pengunjung kota Tenggarong, Kutai Kartanegara, Kaltim. Dari atas jembatan ini juga dapat melihat jembatan penyeberangan Tenggarong yang iconic. Di sekitar tangga naik jembatan, banyak pedagang yang menjajakan berbagai makanan kecil dan minuman. Tidak dipungut biaya untuk menyeberangi jembatan orang ini.Tempat berkumpul dan wisata alternatif warga dan pengunjung kota Tenggarong, Kutai Kartanegara, Kaltim. Dari atas jembatan ini juga dapat melihat jembatan penyeberangan Tenggarong yang iconic. Di sekitar tangga naik jembatan, banyak â€¦Lengkapnya", 01-06-2019,Positif
Firmanto Hanggoro,3,Juni 2021 ini masih tutup dan terkesan terbengkalai. Semoga pihak Dispar Kukar segera mampu membangkitkan potensi wisata ini, 31-05-2022,Negatif
David Ricardo,4,Puas dgn view nya dari atas jembatan melihat luasnya sungai mahakam. Cuma sayang aja sungainya kotor & jembatannya kurang dikelola dgn baik spy menarik wisatawan utk datang., 31-05-2021,Netral
Femsy Lovely,5,"Jembatannya baru selesai di renovasi tampak kokoh, bersih dan enak di pandang. Untuk jembatannya buka 24 jam tapi untuk masuk kepulaunnya hanya sampe jam 5 sore.", 31-05-2023,Positif
Prasetyo Hadi,3,"Tiket masuk 7rb,keren jembatannya tapi sesampai dipulau kumala kurang terawat pulaunya dan permainan dan jalan banyak yg rusak.", 01-06-2018,Negatif
Khairuddin Nasri,4,"Jembatan yang menjadi salah satu icon di kota tenggarong, spot foto yang bagus dengan pemandangan dari atas sungai dan kota. Lumayan aman ketika menyebrang melewati jembatan ini dikarenakan adanya pagar yang lumayan tinggi tapi tetap berhati-hati jika membawa anak kecil karena masih ada celah pada pagar yang bisa dilewati anak dan bisa memasang gembok cinta pada pagar tapi sediakan gembok dari rumah yaa.. Sayang pulau kumalanya seperti tidak rawat.. (mungkin akibat pandemi)Jembatan yang menjadi salah satu icon di kota tenggarong, spot foto yang bagus dengan pemandangan dari atas sungai dan kota. Lumayan aman ketika menyebrang melewati jembatan ini dikarenakan adanya pagar yang lumayan tinggi tapi tetap â€šÃ„Â¶Lengkapnya", 31-05-2021,Netral
reny Surya,4,Ga bisa move on dri tempat ini.#pulau kumala buat aku amaz banget lah, 31-05-2023,Positif
Azalia Sabrina,5,kereeeennnklu boleh kasih saran di tebas rumput2nya heheeee...dan terawat lgsayang sekali objek wisata sangat bangus ditengah sungaiï£¿Ã¼Ã²Ã§ï£¿Ã¼Ã´Ã¨kereeeennnklu boleh kasih saran di tebas rumput2nya heheeee...dan terawat lg â€šÃ„Â¶Lengkapnya, 31-05-2020,Positif
In Ndra,4,Sebagai orang aseli tenggarong saya cuma mau bilang jembatan ini bagus namun menjadi biasa aja karena pemerintah kukar kurang dalam memaksimalkan potensi wisatanya..., 31-01-2024,Netral
RtxStev,4,"Tempatnya memang bagus tapi satu hal, tempatnya agak kurang terawat cuman masih bagus", 31-05-2023,Netral
Rosa Isafa,5,"Bagus, tiket masuk sangat terjangkauSayang pagi2 masih belum dibuka", 31-05-2021,Positif
Muhammad Arsani,4,Jembatan repo-repoAnak-anak: 5.000Dewasa: 7.000Kerenlah buat jalan dan menyeberang ke pulau KumalaJembatan repo-repoAnak-anak: 5.000Dewasa: 7.000 â€šÃ„Â¶Lengkapnya, 01-06-2019,Netral
Arunayza,5,menikmati angin sepoi sepoi di atas jembatan, 31-01-2024,Positif
Zoeghi Yanto,5,"25 Desember 2019, memanfaatkan hari libur, saya dan keluarga mengunjungi Pulau Kemala, alhamdulillah tidak harus naik kapal, tapi cukup melewati Jembatan Penyeberangan Pulau Kemala, mobil kami parkir di samping kiri jembatan, cukup banyak warga yang berkunjung pada hari itu sehingga parkiran utama alas beton penuh, saya kebagian di alas rumput, jembatan lumayan panjang, disepanjang jembatan ada semacam teralis yang dipasangi banyak gembok, sepertinya meniru wisata wisata di luar negeri, good idea25 Desember 2019, memanfaatkan hari libur, saya dan keluarga mengunjungi Pulau Kemala, alhamdulillah tidak harus naik kapal, tapi cukup melewati Jembatan Penyeberangan Pulau Kemala, mobil kami parkir di samping kiri jembatan, cukup banyak â€¦Lengkapnya", 31-05-2020,Positif
Pdt.drh.krishandrika Immanuel Raharjo,3,"terkesan kurang terawat.tidak ada petunjuk yg jelas mengenai ticketing.saya melewati jembatan ini baru di ujung ada tagihan pembayaran.sebagai gerbang memasuki pulau komala perlu dikelola lebih baik.promo wisata perlu di garap lebih baik.pedagang, ojek payung dan petugas parkir terkesan liar. bisa jadi ancaman kenyamanan pengunjung.terkesan kurang terawat.tidak ada petunjuk yg jelas mengenai ticketing.saya melewati jembatan ini baru di ujung ada tagihan pembayaran. â€¦Lengkapnya", 31-05-2020,Negatif
Ida Ida,5,Parkiran. Luas. Kl lapar tinggal mkn  banyak warung mkn. Enak rasanya, 04-08-2023,Positif
AFI DJ,5,"Ingat masih jaman tahun 2007, jembatan tenggarongnya masih berdiri kokoh warna kuning dibelakang. Nampak banget dari pulang kumala. Ini foto lagi lihat patung lembuswana. Gede banget, sambil diceritain mama katanya patung jni bisa terbang karena memang ada kesan mistisnya. Dibalik itu sekarang udah modern banget udah banyak.fasilitas yang dibangun dan lebih keren. Banyak spot foto bagus. Dan bisa kesini buat refreshing sambil mengorek sejarah karena ada museum barang barang peninggalan  kerajaan kutai kartanegara. Kesan angker tapi yang suka banget akan sejarahnya bisa langsung dateng ke pulau kumala ditenggarong. Kalo dulu aksesnya cepat. Dari samarinda bisa langsung nyebrang di jembatan tenggarong. Sekarang pake akses kapal kali ya? Udah lama banget ga ke Tenggaron soalnya. Dari tenggarong ke Pulau kumalanya naik perahu etek etek, muat beberapa orang aja tuh. Jangan takut nikmatin aja, perjalananya agak lama. Tapi bagus banget asri.Ingat masih jaman tahun 2007, jembatan tenggarongnya masih berdiri kokoh warna kuning dibelakang. Nampak banget dari pulang kumala. Ini foto lagi lihat patung lembuswana. Gede banget, sambil diceritain mama katanya patung jni bisa terbang â€¦Lengkapnya", 31-05-2021,Positif
Syaif muhami shidiq (Kukirakira),4,"Not properly maintained, good view, only few rest room available, 2 or 3 seater bycle rent availabe here", 01-06-2019,Netral
Budi Arto,4,"Kurang perawatan, sehingga terasa tidak nyaman, walaupun sebenarnya cukup banyak spot yang bisa dimaksimalkan sebagai tempat rekreasi keluarga", 31-05-2020,Negatif
Nauval Fadillah,2,"Sangat amat disayangkan, pulau kumala kini tidak dapat menjadi destinasi wisata yang menyenangkan. Tidak ada Wahana yg dapat dipakai, hanya ada speda listrik dan speda pada umumnya. Tiket masuk 7rb.Banyak tempat tidak terawat walaupun terlihat masih ada yang membersihkan. Ada baiknya pemerintah kota Tenggarong membuka investor untuk mengelola tempat ini. Menjadikannya sebagai tempat bermain mengingat lahan yang sangat luasSangat amat disayangkan, pulau kumala kini tidak dapat menjadi destinasi wisata yang menyenangkan. Tidak ada Wahana yg dapat dipakai, hanya ada speda listrik dan speda pada umumnya. Tiket masuk 7rb. â€¦Lengkapnya", 31-05-2020,Negatif
Dawn Revelation,5,"Tempatnya bersih, jika ingin berkeliling seputar pulau ini bisa sewa sepeda.Banyak peninggalan sejarah, tempat ini juga bisa dijadikan pengenalan pada budaya Kalimantan", 01-06-2018,Positif
Mamah Sulis,2,panas dan jembatan nya skrg kurang terawat byk semen nya pecah pecah..., 31-05-2020,Negatif
Wyn Tokex,5,"Tempat yang indah di sekeliling pulau, tetapi sayang fasilitas di dalam pulau kumala yang kurang terawat", 31-05-2023,Positif
Mustafa Al Azmi,5,"Jembatan repo-repo memiliki daya tariknya sendiri bagi masyarakat Kutai Kartanegara,  merupakan jembatan penghubung yang dibangun untuk menuju Pulau Kumala. Cukup sedih pengunjung yang datang ke sini tidak terlalu banyak yang menyebranginya padahal bagus sekali.", 31-05-2021,Positif
aditya putra95,5,jembatan yg mnjadi akses menuju pulau wisata kebanggaan Kutai Kartanegara yaitu pulau kumala, 31-05-2020,Positif
Stefanus Saputra,4,Jembatan berwarna kuning ini adalah jembatan penyebaran orang (JPO) menuju Pulau Kumala. Pulau Kumala adalah pulau di tengah sungai Mahakam di kota tenggarong Kalimantan timur. Pulau ini seharusnya adalah tempat wisata untuk umum namun sudah beberapa tahun belakangan ini tidak terawat. Semoga kedepannya pulau Kumala bisa dibuka kembali untuk umum agar masyarakat bisa menikmati tempat rekreasi bersama rekan dan keluarga.Jembatan berwarna kuning ini adalah jembatan penyebaran orang (JPO) menuju Pulau Kumala. Pulau Kumala adalah pulau di tengah sungai Mahakam di kota tenggarong Kalimantan timur. Pulau ini seharusnya adalah tempat wisata untuk umum namun â€¦Lengkapnya, 31-05-2021,Negatif
Ain Mushalin,4,"Pulau yang sangat berpotensi menjadi objek wisata andalan di dalam kota Tenggarong..Semoga pemerintah dan warga Kutai bisa mewujudkan Pulau Kumala yang indah, bersih dan menyenangkan..Pulau yang sangat berpotensi menjadi objek wisata andalan di dalam kota Tenggarong.. â€¦Lengkapnya", 01-06-2018,Netral
Rosmeilan Siagian,5,"Untuk memudahkan akses penduduk Tenggarong ke Pulau Kumala, Jembatan Repo-Repo selesai dibangun pada 2016 sebagai jembatan khusus pejalan kaki yang membentang di atas Sungai Mahakam. Dalam bahasa Kutai, ""repo-repo"" berarti ""gembok"". Oleh karena itu, ada gembok cinta di sini meskipun tidak banyak.For easier access of Tenggarong people to Kumala Island, Repo-Repo Bridge was completely constructed in 2016 as a pedestrian bridge stretching over Mahakam River. In Kutai language, ""repo-repo"" means ""padlock"". That's why there are love padlocks here though not many.Untuk memudahkan akses penduduk Tenggarong ke Pulau Kumala, Jembatan Repo-Repo selesai dibangun pada 2016 sebagai jembatan khusus pejalan kaki yang membentang di atas Sungai Mahakam. Dalam bahasa Kutai, ""repo-repo"" berarti ""gembok"". Oleh â€¦Lengkapnya", 31-05-2020,Positif
Sigit Hermawan,4,"Jembatan nya bagus banget cuma harus jalan kaki, lumayan bagus buat foto2, cuma harus di rawat lagi biar makin ok.", 31-05-2020,Netral
Mbokdhee Kehntur,1,DiSungai Mahakam pada Jembatan yg menghantar ke tempat tujuan, 01-01-2024,Negatif
DzakiResa PujaanKu,5,"Penilaian tentang Jembatan Repo Repo di Pulau KumalaPemandangan BAGUS cocok untuk befoto bersama teman, pacar, dan sekeluarga..... DIREKOMENDASIKAN pagi dan sore cocok befoto di jembatan.. siang panas menyengat... untuk PARKIRAN SANGAT LUAS.. untuk mobil dan motor masuk semua.Jembatan Repo Repo menuju Pulau kumalaHARGA TIKET MASUK PULAU KUMALA berkisar Rp.10.000 dan waktu buka hanyajam 09.00 pagi sampai jam 18.00 sore.... Malam tutup oke.. jadi kalian cukup nongkrong saja di Taman Kota Raja atau duduk di pinggiran tepian sungai tenggarong.Penilaian tentang Jembatan Repo Repo di Pulau KumalaPemandangan BAGUS cocok untuk befoto bersama teman, pacar, dan sekeluarga.. â€¦Lengkapnya", 03-10-2023,Positif
Afifa Channel,5,"Saya suka karena jembatanya bersih,, view nya juga indah bnget daro atas jembatan,, bagus banget buat foto""", 31-05-2020,Positif
Ade Yunisah Al Wafazz,5,Karena tempat tsb adlh tmpat yg penuh dgn Sejarah...dn unik bagi saya yg br kali pertama berkunjung ke Wilayah yg ada situs Sejarahnya tsb meskpun seringkali ke Tenggarong.., 31-05-2021,Positif
Rizal Ermiazis Kesuma,5,"Tempatnya nyaman untuk santaiï£¿Ã¼Ã²Ã… ada sepeda, dan beberapa tempat untuk foto, dan uniknya di jembatan ada gantungan (gembok)", 31-05-2020,Positif
Fathoni Yasir,4,"Jembatannya bagus, dg jembatan ini menyebrangi sungai menuju pulau kumala jadi mengasikkan... Bukan terbaik memang, gelontoran dana dari pemerintah dibutuhkan untuk membuat wisata ini lebih menarik lagi.", 01-06-2019,Netral
Baizura Ali,2,The main attraction in Tenggarong. This is a walking bridge that connect Tenggarong to Kumala Island. You can cycling around in Kumala Island but most of the places in the island is no longer active., 01-06-2017,Negatif
Justin Larissa,4,"Sunset di sini baguc banget! Suasananga syahdu, langitnya luar biasa, dan jembatannya simply photogenic. Buat santai sore seru sekali.", 01-06-2019,Positif
Merly Nur cahyani,5,Tempat yg asik buat bertamasya.. dengan nuansa jalan kaki untuk sampai k tempat tamasyaï£¿Ã¼Ã²Ã¢ï£¿Ã¼Ã²Ã¢ pokoknya keren bngt, 01-06-2018,Positif
Julia Arsita,5,Jembatan repo repo jembatan yg menghubungkan ke pulau kumala.. banyak gembok yg digantungkan dijembatan ini. View dr jembatan bagus banget. Kalo ke tenggarong wajib kesini. Disediakan juga penyewaan payung krna kmren saya ke sini lumayan panas sampai 33Â¬âˆ. Petugas parkirnya juga bagus krna dr dishub langsung jd lbh tertata.Dijembatannya juga ada pembatas jalan jd tidak terganggung dengan yg lalu lalangJembatan repo repo jembatan yg menghubungkan ke pulau kumala.. banyak gembok yg digantungkan dijembatan ini. View dr jembatan bagus banget. Kalo ke tenggarong wajib kesini. Disediakan juga penyewaan payung krna kmren saya ke sini lumayan â€šÃ„Â¶Lengkapnya, 01-06-2019,Positif
Nur Sukma Rangga Pratama,2,"Tempatnya sih bagus, namun untuk yg mas satu ini tidak friendly sekali...terkesan galak sewaktu kita tanyain tempat apa ini tidak dijawabnya... Secara saya wisatawan dari luar tenggarong yg pengen cari tahu sejarah tenggarong dan isi yg ada di pulau kumala tsb... oiya masnya ini dia ada di kereta motor...Semoga tidak terjadi pada kalian2 yg akan kesana... Biar saya saja yg dapat perlakuan seperti ini", 31-05-2020,Netral
must Joko Mulyono,5,Jembatan penghubung ke Pulau Kumala...bisa buat spot foto di atas sungai Mahakam...., 31-01-2024,Positif
Sapnur,4,"Menjual cerita dengan menggantungkan gembok, lalu memberikan nama , konon katanya akan menjadi doa, bagi yg memasangnya", 31-05-2023,Netral
L R,4,"Semenjak ada jembatan repo2 jadi sangat mudah diakses. Tempat yang sangat cocok untuk kalau mau jalan2 santai sama keluarga atau teman2. Banyak pilihan moda transport untuk keliling pulau, mulai dari sepeda sampai kereta keliling. Pastikan pakai sun block sebelum kesini", 01-06-2018,Positif
sherly tri,4,"Seru, jembatan ini akses untuk menuju ke pulau kumala dan ini pengalaman pertama kali saya kesana Ã°Å¸ËœÅ  wisata ini di tutup jam 18.00.", 01-06-2018,Positif
Ahada Almayuda,5,"Lepaskan lelah...jalan jalan kumpul keluarga coba main speda listrik bersama anak2 dan istri, bakal jd balapan seru krn pulau kumala radius 10km bisa dikelilingi dalam waktu 15menit, di ujung bisa foto dgn latar Patung Lembu Swana simbol kerajaan tenggarong", 31-05-2021,Positif
Kurniawan Dwi,4,Jembatan pun jadi obyek Wisata.Jembatan ini Salah satu fasilitas penghubung untuk memudahkan akses ke Pulau Kumala., 31-05-2022,Netral
aditya kurniawan,5,Jembatan pejalan kaki sebagai penghubung ke arah pulau kumala yang terletak di kabupaten tenggarong kalimantan timur., 31-05-2020,Positif
Anwar Effendi,4,"awesome and functional infrastructure to increase Kumala Island tourism, the bridge itself has aesthetic look, there is also parking lot if you wanna walk at the bridge.", 31-05-2020,Netral
Anisa Maghfiroh,5,"baru pertama kali ke tempat ini, suka pemandangannya.. akan lebih suka lagi kalau perawatan tempatnya ditingkatkan Ã°Å¸ËœÅ Ã°Å¸ËœÅ ", 31-05-2020,Positif
innal rahman,4,Jembatan yang menghubungkan ke pulau kumala namun sangat ramai dikunjungi wisatawan domestik. Kita bisa memasang gembok cinta seperti yang sudah trend di salah satu negara luar negeri, 01-06-2017,Netral
Nur Sukanti,3,"Viewnya untuk foto lumayan bagus,  tapi jarak untuk jalan kaki lumayan jauh, dan ada beberapa wahana permainan sudah rusak.", 01-06-2019,Netral
je je,4,"Bagus tempatnya, kalau malam jrmbatannya dikasih lampu. InsyaAllah lebih bagus", 31-05-2020,Positif
Anton Prambanan,5,Jembatan yang menghubungkan daratan Kutai Kartanegara ke delta Kumala (Pulau Kumala) yang ada di tengah sungai Mahakam, 31-05-2020,Positif
Andrew jaya Kantono,5,Nice weekend trip. Pulau Kumala has improved a lot. Unfortunately the kereta gantung isn't working and they still have the bushes., 01-06-2018,Positif
Ade Mardwiansyah,3,"Good place to spend your several hours with your families or relatives, cause this place is really need more development to become a proper theme park.", 01-06-2018,Positif
jimmy sallan,4,"Pedestrian bridge to pulau kumala as the background, an island in mahakam, just a short walk from water front of Tenggarong...", 01-06-2019,Netral
cixi12,4,Jembatan khusus pejalan kaki yang menghubungkan kota Tenggarong dan pulau Kumala., 31-05-2023,Netral
Gamming offical,5,"pemandang alam yang sangat unik di tambah ada gambar naga nya, yuks buruan liburan ke pulau kuMala Tenggarong Kalimantan timur", 31-05-2020,Positif
indirawati arif,4,Jembatan terkeren di Tenggarong unt spot foto2.. ï£¿Ã¼Ã«Ã§ï£¿Ã¼Ã«Ã§, 30-04-2024,Netral
Frigate Rario,5,"Jembatan yang sangat unik dan nyaman untuk dilintasi, sangat direkomendasi untuk foto pemandangan maupun foto sendiri (selfie). Melintasi jembatan tidak dikenakan biaya.", 01-06-2019,Positif
AGHA,4,So many spectacular views. Love the Kutai Kartanegara Bridge view so much. Too bad too many abandoned buildings, 31-05-2021,Netral
nhonie wahyuni,5,Kalau ke pulau kumala pasti lewatin jembatan ini .kalau enggak bisa nyebrang naik ketinting...suka dsni krna anginnya sepoi2 bagus juga buat foto2, 31-05-2020,Positif
Mur Sidin,5,"Sekarang (18 peb 2023) sepi pengunjung, terakhir kesini 4 tahun yg lalu, tapi masih enak buat dikunjungi, sewa motor listrik 50k/jam cukup buat muter dari ujung ke ujung pulau kumalaHTM 10k/orgParkiran aman dijaga ama petugasSekarang (18 peb 2023) sepi pengunjung, terakhir kesini 4 tahun yg lalu, tapi masih enak buat dikunjungi, sewa motor listrik 50k/jam cukup buat muter dari ujung ke ujung pulau kumala â€šÃ„Â¶Lengkapnya", 31-05-2023,Positif
Isna Nur26,5,"bagus tapi jangan lupa pake topi ato payung yah, biasanya panas cetar kalo siangï£¿Ã¼Ã²Ã…", 31-05-2020,Positif
Fitri Win,4,"Thn 2005 pernah ke tempat ini. Tapi jembatan ini belum dibuat. Waktu itu harus naik perahu sewa menuju pulau Kumala. Sekarang jalan -+ 200m melalui jembatan ini sdh sampe,angin sepoiÂ¬â‰¤ dan aliran sungai bs dinikmati dr atas jembatan ini. Jangan lupa bawa payung atau sewa (Rp.10.000,-/payung) sebelum naik di atas jembatan ini yaa,biar kepala lebih adem rasanyaï£¿Ã¼Ã²Ã…Thn 2005 pernah ke tempat ini. Tapi jembatan ini belum dibuat. Waktu itu harus naik perahu sewa menuju pulau Kumala. Sekarang jalan -+ 200m melalui jembatan ini sdh sampe,angin sepoiÂ¬â‰¤ dan aliran sungai bs dinikmati dr atas jembatan ini. â€šÃ„Â¶Lengkapnya", 31-05-2023,Netral
Susi Susilawati,4,Tempat wisata yg masih asri yaa udara nya seger pas udh sampe pulau kumala nya, 01-06-2019,Netral
mawarivaie,5,"Tempat rekreasi yg nyaman, bnyak permainan anak, dekat dengan mesjid dan tempat makan", 01-06-2018,Positif
Fathur Rachim,3,"pulau kumala sendiri pengelolaanya masih jauh dari harapan.Paling tidak mestinya bisa sekelas Nami Island KoreaSpot yang bagus untuk berfoto, sayangnya pulau kumala sendiri pengelolaanya masih jauh dari harapan. â€šÃ„Â¶Lengkapnya", 31-05-2020,Negatif
aspar ramjo,5,"Pemandangannya indah orang"" lokalnya baik  dan banyak cewek cantiknya", 01-06-2018,Positif
Irfan Mardiono,5,"Tempat wisata yang menarik, semoga sarana dan prasarana semakin di tingkat kan. Dan juga tiket bisa makin terjangkau. ï£¿Ã¼Ã´Ã¨ï£¿Ã¼Ã´Ã¨", 31-05-2021,Positif
Seven Tobing,3,"Tempat bagus, tapi masih kurang dalam perawatan pulau", 01-06-2018,Netral
Dodi Andi,4,Menghubungkan tenggarong dengan pulau kumala.. sekarang lebih mudah untuk berwisata ke pulau kumala karena tidak perlu naik kapal lagi.., 31-05-2020,Netral
A J,4,"Jembatan penyeberangan ke Pulau Kumala, akhirnya jembatan ini dibuka kembali setelah sekian lama tutup. Sedang dalam pengecatan ulang saat kami berkunjung. Banyak juga pengunjung yang berfoto di jembatan repo repo. Kami juga melihat beberapa gembok cinta di jembatan ini :D", 31-05-2023,Netral
M. Furqon Azizi,3,udh ga terawat, 01-06-2018,Negatif
Firmansyah AMK,5,"Tempat nya indah,, wajibd kunjungi minimal 1x saat ke Tenggarong, di saran kan sewa motor listrik buat keliling pulau soal ny luas sekali, cuma sayang beberapa sudut pulau tidak terurus", 31-05-2023,Positif
ArjunNiBozz,5,"Bersama 6 teman sekolah ke sana,sangat menyenangkan,cihuyyğŸš²", 31-01-2024,Positif
Nugraha Adi,5,Keren berkesan bagus buat foto-foto, 01-06-2017,Positif
Fran Siska,5,"Jembatan pejalan kaki yg mau menyebrang ke pulau Kumala..kalo sdh siang panas sekali, menurut saya kalo dibuatkan atap pasti tambah ramai lagi", 31-05-2023,Positif
Sandy Septian,5,"Tempat wisata pulau yang cukup luas dengar berbagai rekreasi yang bermacam2, bagi kamu yang suka foto banyak tempat spot yang menarik untuk di foto", 01-06-2019,Positif
Handoko Susilo,5,Tempat yg nyaman buat santai ketika sore bareng keluarga, 31-05-2022,Positif
Sitii Cahyaa,5,"Jembatannya panjang sekali, dan inilah tempat dimana bisa merasakan jalan kaki di jembatan yang tepat dibawahna ada sungai, pokoknya mantap. Desain jembatannya juga ok", 31-05-2023,Positif
Titin Atien,5,Tempat wisata lumayan sejuk bs hilangkan kejenuhan saat keluar dr tambang ataupun perkebunan sawit seblm menuju kota Samarinda, 31-05-2020,Positif
Ariel Papuan,5,Jembatan ini penyambung Tenggarong dengan pulau kumala.. Warna nya yg kuning menyala buat kamu ingin cepat2 berphoto ria disini.. Hehe, 01-06-2019,Positif
Tyas HMH,5,Nice place for strolling around., 01-01-2024,Positif
Akhmad Junaidi,5,banyak wahana terbaru dan tempat wisatanya Sangat populer, 31-05-2021,Positif
johari jovanka,5,tempat liburan murah meriah kota tenggarong........., 31-05-2020,Positif
Zhoe Lax Fadly,4,Viewx bagus..cocok untuk Anda yang ingin jalan2 ber-weekend ria bersama keluarga tercinta..., 01-06-2019,Netral
M. Yusuf Aditya P,5,Nice spot buat foto. Tiket masuknya murah. Bawa topi atau payung. Yang mau bawa gembok cinta boleh wkwk, 01-06-2017,Positif
Nikko Herian Pramudia,3,tidak ad hiburan, 30-04-2024,Negatif
Khafidz Rahmawan,5,"Jembatan penghubung ke pulau kumala, menjadi salah satu destinasi yang bagus untuk spot foto bagi anda yang menyukai view atau spot bagus", 01-06-2018,Positif
loom reds,5,bagus. dan nyaman. cuman kalo siang terasa panas, 01-06-2019,Positif
evi nurjanah,5,Semoga pulau kumala cepat kembali rame yaa, 01-03-2024,Positif
Aspian,5,Sangat indah memandang kota raja Tenggarong dan pulau Kumala nya.Tidak Lengkap jika Belum Berkunjung ke Bekal Mulang Oleh Oleh Borneo Tenggarong di Suwarna City Walk (SCW) Timbau., 01-06-2019,Positif
L C,5,"Jembatan penghubung ke pulau kumala, berada di kota Tenggarong, Kalimantan Timur.", 01-06-2017,Positif
Nadira Syahla,5,Walaupun rencana awal mau kepulau kumala karena tutup kita foto di pinggir jembatan repo-repo, 31-05-2021,Positif
Yoanita,4,"Cocok untuk rekreasi keluarga ataupun teman, cuma agak horor krn wahana permainan tdk pernah digunakan lgi", 01-06-2019,Netral
Vitriya Yulianti,5,"Jembatan nya bagus, pemandangan Sungai Mahakam nya cucokk", 31-05-2020,Positif
arsyad rahma,5,Bagus buat spot fotoapalagi sore, 01-06-2019,Positif
TasMan Channel,4,"Repo repo bridge is locate In tenggarong, Kutai kartanegara Regency, east Kalimantan. Beautiful bridge with beautiful river. And this bridge only crosses by pedestrians not for vehicles if you come to Kutai, you should visit this bridge to see mahakam river", 01-06-2019,Netral
tika yunita,5,Bagus kuning.. sekarang merah ï£¿Ã¼Ã²Ãª, 31-05-2023,Positif
Didik Priyanto7,5,Pengalaman baru bisa ke pulai kumala, 31-05-2021,Positif
Roberta,5,"Lokasinya cukup bagus  ada daratan di tengah sungai ,banyak orang jualan makanan juga , harganya juga tidak mahal", 01-06-2018,Positif
emaniez ema,4,"Karna masih pandemi, jembatan blom bukaï£¿Ã¼Ã²Â¢", 31-05-2021,Netral
rafika fitri,5,Bareng suami saat weekend jalan2 kesini nikmati suasana hutan yg agak alami ï£¿Ã¼Ã²Ã…, 01-06-2019,Positif
Herry Ansyari,5,Tempatnya asik kalau mau ajak keluarga besar. Tempat yang instagramable., 01-06-2019,Positif
kusuma prabowo,5,"penghubung antara tenggarong dan pulau kumala.fisik bangunan kokoh, bisa jadi tempat foto yang bagus.", 01-06-2018,Positif
meyliani rophika sarmauli hutahaean,3,need to more improve for the important area which is just a Toilet, 01-06-2018,Negatif
Coky Lesmana,3,"Jembatan yg menghubungkan kota Tenggarong dengan pulau Wisata Kumala. Merupakan akses masuk ke Pulau Kumala yg terletak ditengah sungai Mahakam, Tenggarong, Kukar.", 31-05-2023,Negatif
Randi Ashari,5,Tempat di kmi melepas kerinduan di saat lma jambore cabang ke VIII, 31-05-2020,Positif
Adrian Bengu,3,sedang dalam proses di cat ulang.. cuma sayang pulau kemala nya gak terurus.. sperti bekas taman jurasic park yang ada di film. sangat disayangkan, 31-05-2023,Negatif
Aulia Rahman Hakim,5,"Pemandangan di jembatan lumayan bagus,apalagi jadi spot photo juga keren. Recommend", 01-06-2018,Positif
hikmahh lstr,4,"kesini terakhir tahun 2018 lama banget,dulu ada gemboknya tp ga tau skrg. terus dipulau kumala tempatnya luas, banyak sejarahnya, ada vila juga sama kolam renang tp sayang banget ga keurus, banyak sih tempat yg ga keurus ditenggarong kayak 2 stadion terbengkalai,rumah dinas yg dibukit biru padahal itu aset kabupaten loh. semoga kedepannya diperhatikan. atau kasih ke swasta aja biar makin maju.kesini terakhir tahun 2018 lama banget,dulu ada gemboknya tp ga tau skrg. terus dipulau kumala tempatnya luas, banyak sejarahnya, ada vila juga sama kolam renang tp sayang banget ga keurus, banyak sih tempat yg ga keurus ditenggarong kayak â€šÃ„Â¶Lengkapnya", 31-05-2022,Netral
Siti Muallifah,4,"Same place with different scenery, enjoy the Kumala nowadays", 01-06-2018,Netral
4ri Rahdian,4,"Tempat wisata tidak bagus dan tidak terawat. Diawali dgn membayar 10000 perorang dan melewati jembatan sekiitar 100 mtr  anda disuguhkan pemandangan pulau ditengah sungai dengan fasilitas yg buanyak namunbtak terawat, untuk mengelilingi pulau ini bisa menggunakan sepeda , sepeda listrik, kereta mobil dan delman harga dari 30000 sampai 200rb.....ingat untuk bawa payung kl kesana pada siang hari.......puaanasssss.", 01-06-2018,Negatif
Muhsonah Hamid,5,Tempatnya nyaman sejuk pemandangan nya indah sambil menikmati hidangan dan bersantai pokoknya asik deh, 31-05-2023,Positif
sheva danesh,5,"Amazing Borneo , peaceful place, bersih so amazing Borneo", 31-05-2022,Positif
Edy prayitno,5,Bisa transaksi menggunakan Qiris, 30-04-2024,Positif
Mbak Ariyani,4,Untuk menuju Pulau Kumala tentunya kita harus melewati jembatan penyeberangan yang berada di atas sungai. Jembatan tersebut sangat panas ketika matahari sedang terik karena tidak ada penutupnya. Jembatan tersebut hanya untuk pejalan kaki sehingga kita harus berjalan kaki menuju ke Pulau Kumala. Bagi saya tidak nyaman di atas jembatan karena banyak pengamen yang berada di jembatan. Jembatan tersebut gratis sehingga bagi orang yang akan menyebrang menuju Pulau Kumala sehingga kita tidak perlu membayar ongkos penyeberangan.Untuk menuju Pulau Kumala tentunya kita harus melewati jembatan penyeberangan yang berada di atas sungai. Jembatan tersebut sangat panas ketika matahari sedang terik karena tidak ada penutupnya. Jembatan tersebut hanya untuk pejalan kaki â€¦Lengkapnya, 01-06-2019,Negatif
Meliyana Meliyana,5,Pulau di tengah sungai yg indah. Banyak spot menarik di pulau kumala., 01-06-2019,Positif
Jagad Bumi Langit,4,"Overall suka dengan tempatnya, asri dan luas, sayang sekali seperti terbengkalai bangunan dan fasilitas2nya,hanya beberapa saja yg masih difungsikan. Saat itu berkunjung bersama keluarga masuk lewat jembatan ini, karena sedang musim liburan jadi parkiran penuh, mobil sempat terperosok di kubangan lumpur di parkiran tanah lapangan, untungnya banyak bapak2 yg bantu walaupun akhirnya mobil seperti habis balap offroad.Overall suka dengan tempatnya, asri dan luas, sayang sekali seperti terbengkalai bangunan dan fasilitas2nya,hanya beberapa saja yg masih difungsikan. Saat itu berkunjung bersama keluarga masuk lewat jembatan ini, karena sedang musim liburan â€¦Lengkapnya", 31-05-2020,Netral
Miss Dhani,2,"Sorry to say, tapi 2 bintang ini untuk asiknya main sepeda listrik dan bagian sejuk penuh dengan pepohonan di salah satu sisi pulau saja. Toiletnya sedapat saya cuma ada 4 itupun kondisinya sangat sempit, super bauk sampai saya hampir muntah, dan airnya kotor banget kayak air banjir. Banyak banget wahana dan spot2 yg sudah gak terurus, sayang banget.Sorry to say, tapi 2 bintang ini untuk asiknya main sepeda listrik dan bagian sejuk penuh dengan pepohonan di salah satu sisi pulau saja. Toiletnya sedapat saya cuma ada 4 itupun kondisinya sangat sempit, super bauk sampai saya hampir â€¦Lengkapnya", 01-06-2018,Negatif
Aprianita 28,3,Rumah bangsalan 6 pintu (yati), 30-04-2024,Negatif
t gidion (dion),5,"Jembatan gembok cinTa, di Kota Raja TenggarongJalur lintasan pejalan kaki di hari CFD", 05-07-2023,Positif
rama lana,3,so far no access today, 31-05-2022,Negatif
ady 89,3,Jembatan pedestrian yg menghubungkan pulau Kumala dan sungai Mahakam., 01-06-2018,Netral
Blue Sky,5,Jembatan yg sangat membantu memudahkan akses untuk wisata ke pulau kumala. Sebelum ada jembatan penyebrangan ini kalau mau ke pulau kumala harus naik ketinting atau gak kereta gamtung. Yah walaupun sayangnya sekarang kereta gantung sudah gak fungsi lagi. Tapi tetap kok jembatan ini menjadi andalan buat para wisatawan lokal maupun luar daerah. HeheJembatan yg sangat membantu memudahkan akses untuk wisata ke pulau kumala. Sebelum ada jembatan penyebrangan ini kalau mau ke pulau kumala harus naik ketinting atau gak kereta gamtung. Yah walaupun sayangnya sekarang kereta gantung sudah â€¦Lengkapnya, 01-06-2019,Positif
Rachmat Borneo,4,Tempat yang bagus untuk menikmati akhir pekan bersama keluarga, 01-06-2018,Netral
Novia Via,5,"Salah satu tempat wisata di Tenggarong yang g pernah sepi saat weekend. Tiket masuk terjangkau.  Ada penitipan helm.  Ada penyewaan payung sebelum naik jembatan RepoÂ². Melewati jembatan RepoÂ² kita bisa memasangkan gembok cinta. G perlu jauh jauh ke Korea. Di dalam Pulau Kumala ad penyewaan sepeda, motor kecil, kereta, dan delman. Silahkan dipilih jika ingin sampai dengan cepat ke ujung pulau kumala.  Dan berkeliling memang lebih baik menggunakan motor karena klo pake sepeda sngat lelah.  Apalgi jalan kaki. Wkwkw lokasi foto antara lain di ujung pulau ada patung Lembuswana dan tulisan Pulau Kumala, ada kolam naga, dan kursi  beserta patung Lembuswana.Salah satu tempat wisata di Tenggarong yang g pernah sepi saat weekend. Tiket masuk terjangkau.  Ada penitipan helm.  Ada penyewaan payung sebelum naik jembatan RepoÂ². Melewati jembatan RepoÂ² kita bisa memasangkan gembok cinta. G perlu jauh â€¦Lengkapnya", 01-06-2019,Positif
Faustina Regina,5,Jembatan ini pavorit semua orang seperti simbol kota.  Tiada hari tanpa pengunjung terutama saat akhir pekan dan libur tertentu sangat menyenangkan setiap orang ingin menikmati keindahan sungai mahakam dari atas jembatan dan sebagai penghubung menuju pulau kumala pulau kebanggaan kotaraja tenggarong yang memiliki sejarah panjang sampai menjadi pulau kumalaJembatan ini pavorit semua orang seperti simbol kota.  Tiada hari tanpa pengunjung terutama saat akhir pekan dan libur tertentu sangat menyenangkan setiap orang ingin menikmati keindahan sungai mahakam dari atas jembatan dan sebagai â€¦Lengkapnya, 01-06-2018,Positif
rama hidayat,5,Bagus dan menarik untuk dikunjungi terutama pada saat sore hari, 31-05-2020,Positif
yudha adrianto,5,Garden tourism at pulau kumala. 1 hour trip from samarinda city to tenggarong., 31-05-2020,Positif
PRINCE UPI,5,"Tempat yang bagus sebagai destinasi wisata disini kita bisa melihat pemandangan sungai mahakam daei atas jembatan dan dosisi kiri dan kanan anda bisa mengaitkan gembok dan di tuliskan nama anda dan pasangan anda sebagai tanda cinta repo-repo sendiri adalah bahasa kutai yang artinya adalah gembok..., mari kita coba...", 31-05-2022,Positif
Alivi Nur Rosida,3,"Sekarang sudah diberi penghalang antara yang masuk dan yg akan keluar. Jadi lebih tertata. Tapi jalannya jadi sempit. Apalagi kalau rame, jadi sempit banget. Kalau bisa tangganya dikasi tangga khusus untuk lewat stroler bayi atau untuk kursi roda. Jadi memudahkan buat yang mau bawa stroler.", 01-06-2019,Negatif
Ballerina Girl,5,Ada lampu warna warni menyala saat malam., 31-05-2021,Positif
Abdullah Abbas Nurqadim,5,"jembatannya bagus, hanya saja karena tidak ada naungan, apabila kita menyebrang di siang hari terasa cukup panas ditambah lagi jembatan ini cukup panjang untuk ditempuh. tetapi, banyak juga yang menyewakan payung maupun menjualnya.di jembatan juga banyak digantung gembok-gembok yang menurut saya tidak penting. entah apa tujuannya. mudah-mudahan tidak sampai jatuh kepada perbuatan syirik.jembatannya bagus, hanya saja karena tidak ada naungan, apabila kita menyebrang di siang hari terasa cukup panas ditambah lagi jembatan ini cukup panjang untuk ditempuh. tetapi, banyak juga yang menyewakan payung maupun menjualnya. â€¦Lengkapnya", 01-06-2019,Positif
destia arumsari,3,Akses ke pulau ini melalui jembatan. Open 8-6 pm., 01-06-2018,Negatif
Imron â€œImronâ€ Alfaruq,5,"Aku sendiri belum sempat lewat karena hujan gerimis melanda, aku berharap bisa sekali saja melihat pesut berenang di coklatnya air sungai Mahakam. Semoga suatu saat nanti.", 31-05-2021,Positif
Firman Wungkul,5,untuk anak2 bermain cukup menghibur lengkap dengan tempat makan, 31-05-2022,Positif
Nauval Dwi Fadillah,2,"Pulau kumala kini tinggal kenangan. Tidak ada wahana aktif di pulau ini. Hanya tersisa sepeda listrik dan manual. Diperlukan 7rb untuk tiket retribusinya. Memang terlihat ada orang yang menyapu, namun hal itu belum cukup untuk membuat pulau ini terawat dengan baik. Masih banyak dijumpai rumput panjang, ilalang hingga bangunan yang tidak terurus.Pulau kumala kini tinggal kenangan. Tidak ada wahana aktif di pulau ini. Hanya tersisa sepeda listrik dan manual. Diperlukan 7rb untuk tiket retribusinya. Memang terlihat ada orang yang menyapu, namun hal itu belum cukup untuk membuat pulau â€¦Lengkapnya", 31-05-2020,Negatif
Moch Irul,5,Cocok buat olahraga dan berakhirpekan, 31-05-2020,Positif
Totok Hariyadi,5,Jembatan ini unik sekali... Dipercaya bisa menyatukan kita dg pasangan kita... Di jembatan tersebut banyak terdapat gantungan gembok digrafir nama pasangan masing2.... Rekomen utk dikunjungi..., 31-05-2020,Positif
hotmanns696 link,3,"Repo - Repo Bridge, Tenggarong, Samarinda, Eadt Kalimantan.", 01-06-2018,Negatif
Aris Setyawan,3,"Suasana keren saat matahari terbenam,  lokasi dekat jembatan di pulau kumala jalannya kurang baik, pulau kumala fasilitas kurang terawat padahal modal untuk jd destinasi wisata favorit ada loh tinggal pengelolaannya aja", 01-06-2018,Negatif
arsyad gaffar,4,Jembatan yang menghubungkan jalan poros kota Tenggarong dan pulau kumala ini sungguh sangat membantu para wisatawan yang berkunjung ke kota raja ini untuk menuju pulau kumala itu sendiri. Terlebih untuk wisatawan yang melintas di sekitar jembatan ini di malam hari. Sedikit saran tambahan. Lebih di percantik dan di rawat lagi akan menambah daya tariknya.Jembatan yang menghubungkan jalan poros kota Tenggarong dan pulau kumala ini sungguh sangat membantu para wisatawan yang berkunjung ke kota raja ini untuk menuju pulau kumala itu sendiri. Terlebih untuk wisatawan yang melintas di sekitar â€šÃ„Â¶Lengkapnya, 01-06-2019,Netral
Joni Kuswoyo,5,bagi yang ingin tamasya....keluarga....ini sangat di sarankan...silahkan di coba...ï£¿Ã¼Ã«Ã§ï£¿Ã¼Ã«Ã§ï£¿Ã¼Ã«Ã§pasti menyenangkan..., 02-11-2023,Positif
Riandy Paramuda,5,"Jembatan repo2.. bisa sebagai tempat untuk selfie, dan menarik untuk dikunjungi di Tenggarong menghubungkan tepian dengan pulau Kumala. Yang sebelumnya hanya bisa menggunakan kapal klotok, sekarang hanya dengan berjalan kaki. Jika ramai dan suasana panas, biasa ada jasa peminjaman payung juga..Mungkin perawatannya perlu ditingkatkan dan isi dari pulau Kumala ditambah agar bisa ramak seperti dulu lagi..Jembatan repo2.. bisa sebagai tempat untuk selfie, dan menarik untuk dikunjungi di Tenggarong menghubungkan tepian dengan pulau Kumala. Yang sebelumnya hanya bisa menggunakan kapal klotok, sekarang hanya dengan berjalan kaki. Jika ramai dan â€šÃ„Â¶Lengkapnya", 01-06-2019,Positif
Hendra Jati,5,Jembatan Repo-repo dibangun sebagai akses menuju tempat wisata pulau kumala. Dahulu harus menggunakan kapal jika hendak menuju ke pulau kumala. Sekarang wisatawan semakin membludak ketika jembatan tersebut dibangun. Jembatan itu hanya dilewati oleh wisatawan saja sementara mobil diparkir di areal yg sudah ditentukan. Melewati jembatan ini kita bisa memasang gembok cinta dengan menuliskan nama kita dan juga nama pasangan kita seperti jembatan yang ada di prancis.jika ke Kalimantan Timur sempatkan berkunjung ke sini.Jembatan Repo-repo dibangun sebagai akses menuju tempat wisata pulau kumala. Dahulu harus menggunakan kapal jika hendak menuju ke pulau kumala. Sekarang wisatawan semakin membludak ketika jembatan tersebut dibangun. Jembatan itu hanya â€šÃ„Â¶Lengkapnya, 01-06-2018,Positif
bintang ramadhan redika permana,5,jika ingin menuju ke pulau kumala anda dapat menggunakan jembatan penyebrangan ini dari kota tenggarong dengan tarif Rp7000  untuk satu orang dewasa. Jembatan hanya dapat dilalui dengan jalan kaki. Mobil atau motor dapat parkir di dekat jembatan., 01-06-2018,Positif
Evha zuka zuka,5,"Tempatx bagus, harga tiket murah, prkir luas, cuma agak g terawat sekarang, tapi banyak spot2 fotox ada penyewaan sepeda, sepeda listrik mobil genjot, arena permainan dll", 31-05-2021,Positif
Muhammad Rasyidie,4,Sedialah payung !! Dan jangan lupa beli tiket di area bawah jembatan masuk !!, 01-06-2018,Netral
Lili Agustiani,3,"Karena kami datangnya sore jadi agak sepi, lumayan lah buat fotoÂ¬â‰¤an. Tapi masjidnya gak ada air buat wudhu ï£¿Ã¼Ã²Ã® terpaksa kami nyari masjid diluar.", 31-05-2020,Negatif
Tn Amanuu,5,salah satu ikon kutai, 31-05-2023,Positif
Karimusa Nasution,3,Karena jembatan ini akses satu satunya yg bisa di pakai menyebrang berjalan kaki.Tidak ada fasilitas khusus untuk kursi roda. Jembatan termasuk panjang untuk di jalani namun tidak ada naungan., 01-06-2018,Negatif
Chafid Wahyu,2,Masih ditutup entah kapan buka lagi. Padahal sempat diberitakan juli pertengahan akan dibuka kembali. Masih ada perbaikaj instalasi listrik dan air bersih katanya, 31-05-2023,Negatif
Tiyo,3,Best view saat sunset di atasnya, 01-06-2018,Negatif
Susanti Marilalan,5,Alternatif kepulau kumala yang kekinian buat foto+selfi bareng teman atau keluarga sekaligus olahraga kali yaï£¿Ã¼Ã²Ã….. dan mungkin perawatannya bisa ditingkatkan lagi biar makin menarik perhatian pengunjung., 01-06-2019,Positif
Robert Yen,3,"Sbg destinasi wisata keluarga yg bagus, namun sayangnya banyak fasilitas tdk terawat dan rusak. Ditambah lg sewa alat transportasi spd elektrik yg mahal, sulit bagi pengunjung utk mengulangi perjalanan ke pulau kumala ini.", 01-06-2018,Negatif
chai siswandi,5,"Cocok untuk bersama keluarga, liburan murah meriah dan berada di jantung Tenggarong", 01-06-2019,Positif
Adi Hasan Kurniawan,5,Tempatnya instagramable. Cuma panas disana. Tapi ada sewa payung. Kalo soal hiburan juga kurang. Tetapi setidaknya tempat2nya bisa buat foto2. Jalan kaki bisa. Sewa motor listrik juga bisa. Pake kereta mobil ada. Sewa sepeda juga ada. Hanya toko souvenir belum kelihatan. Disarankan sewa kendaraan. Karena jarak antar tempat wisata agak jauh.Tempatnya instagramable. Cuma panas disana. Tapi ada sewa payung. Kalo soal hiburan juga kurang. Tetapi setidaknya tempat2nya bisa buat foto2. Jalan kaki bisa. Sewa motor listrik juga bisa. Pake kereta mobil ada. Sewa sepeda juga ada. Hanya â€šÃ„Â¶Lengkapnya, 01-06-2018,Positif
Julham Wijaya,5,Jembatan penyeberangan ke pulau kumala mesti menjadi perhatian oleh pemkab terlebih kebersihan area penyeberangan. Masih ada saja warga yg tidak menjaga kebersihan dengan membuang sampah sembarangan, 31-05-2020,Positif
Gilang Arrachman,4,Pulau yang unik. Terletak ditengah sungai mahakam. Yang membuat pulau ini sebagai tempat wisata keluarga. Terdapat banyak wahanan yang dapat di sewa dengan harga terjangkau. Tiket masuk pun murah 7000 saja., 01-06-2019,Netral
Nahdie Akbar,5,"Akses nya Sdh lbih mudah karna disediakan jembatan khusus pejalan Kaki (jembatan repo"") Dan kita bisa sewa sepeda dsna, sayang banyak wahana yg rusak", 01-06-2019,Positif
Toyib Kusuma Jaya,5,"Untuk menuju akses ke pulau yang berada di tengah sungai, tidak setiap hari di buka dan harus bayar jika ingin melintas", 31-05-2023,Positif
arry glory,4,Terhitung jembatan baru penghubung pulau wisata (kumala). Pas untuk yg ingin wisata dengan suasana beda. Ad penyewaan payung bagi tmen2 yg anti gosong2 club dngn tarif 20.000, 01-06-2019,Netral
Devina Swantara,3,"Tiketnya berbayar pas nyampe di Pulau Kumalanya, idr7k per person. Bisa sepedaan, sewa 3 sepeda 30k. Pulaunya gaada yg bs dilihat2, mending sewa skuter sih.", 31-05-2020,Negatif
Muhammad Maryono (Me!),3,Jembatan yang menghubungkan ke pulau kumala.  Lumayan panjang dan panas. Tapi ada penyewaan payung. 2rb aja kok. Jembatan cinta juga ada banyak gembok pasangan yg percaya mengunci cinta nya di jembatan tsb, 01-06-2018,Negatif
Heri Noto,4,Jembatan Repo-Repo ini menghubungkan antara Kota Raja Tenggarong dengan Pulau Kumala (Pulau yang ada di Tengah-tengah Sungai Mahakam).Jembatan ini hanya bisa dilalui oleh pejalan kami.Sangat cocok buat ber serfi ria. sambil menikmati Sungai Mahakam.Jembatan Repo-Repo ini menghubungkan antara Kota Raja Tenggarong dengan Pulau Kumala (Pulau yang ada di Tengah-tengah Sungai Mahakam).Jembatan ini hanya bisa dilalui oleh pejalan kami. â€¦Lengkapnya, 31-05-2020,Netral
Radiks widya,5,"Astagaaaa...ini jembatan namanya jembatan repo repo wkwkwkw baiklah..hemmm untung ada view yg dilihat, yaitu sungai dan beberapa perahu haha kalau ndak yaaa lumayan sih capainya tapi tapi kalau dibuat foto foto gak berasa kok..apalagi pas sore hari menjelang matahari tenggelam haha keren banget..dan percikan sinar dibalik tiang jembatan pas dijepret behhh keren keren..tergantung pengambilan gambarnya sih haha hitung hitung kurangin lemak dahh..asikk pokoknya sama pacar atau keluarga kesini..Astagaaaa...ini jembatan namanya jembatan repo repo wkwkwkw baiklah..hemmm untung ada view yg dilihat, yaitu sungai dan beberapa perahu haha kalau ndak yaaa lumayan sih capainya tapi tapi kalau dibuat foto foto gak berasa kok..apalagi pas â€¦Lengkapnya", 01-06-2018,Positif
Valentine Noya,5,Tempat wisata menuju Pulau Kumala, 31-03-2024,Positif
Heny Kurnia,4,"bagus, menjadi salah satu icon kota tenggarong, Terlihat agak kurang terawat, tetapi banyak pilihan menikmati pulau kumala, naik sepeda, motor atai hanya sekedar berjalan-jalan", 01-06-2019,Netral
Arya Ardillah,5,"Jembatan penghubung menuju pulau Kumala, bagi yang ingin santai anda bisa menikmatinya sambil meneguk segelas kopi di pinggir Mahakam (Turap), kesejukannya, keindahan senja dan malam bisa kita nikmati", 31-05-2020,Positif
Yuanti Indera,5,Keren buat foto2 tapi harus hati2 karena licin..., 31-05-2020,Positif
Krismantio Melapeh,5,Lumayan wat Wisata murah meriah, 01-06-2019,Positif
Perdana Alhabsi,5,Jembatan menuju ke pulau kumala yang pasti ramai tiap wekend., 01-06-2019,Positif
Rajuddin Jagger,3,"Tempat yg cukup bagus,hanya perlu perawatan", 31-05-2020,Netral
Takeshi,5,"Jembatan ini merupakan penghubung antara pulau kumala dan tenggarong, di jembatan ini kita dapat mengaitkan gembok cinta yang merupakan perilaku dan budaya dari luar yang coba di terapkan pada jembatan ini, pada sore hari pemadangan matahari terbenam sangat indah dari jembatan ini", 01-06-2019,Positif
Sugeng Darmanto,5,Jembatan yg menghubungkan kepulau kumala bagus banget .tp sayang dipulau yg dibangun sebagus itu semua permainanya mangkrak gak ada yg bs dipakai .trus tujuan kepulau mau ngapain bingung, 01-06-2019,Positif
ERLINA TAMBUNAN,5,"Jembatan Repo Repot adalah jembatan yang menghubungkan tepian Mahakam dengan Pulau Kumala, di jembatan ini kita bisa menyaksikan pemandangan Sungai Mahakam yang indah dan terlihat jembatan Tenggarong yg mirip luar negeri, apalagi pas sunset keren banget foto2 nya deh.", 01-06-2018,Positif
Faisal Ismail,4,"Jembatan repo repo adalah jembatan yg berada di kutai kartanegara yg menhubungkan pulau kumala yg merupakan destinasi wisata di kukar, sepanjang jembatan banyak tergantung gembok yg terkunci dan kuncinya dibuang kesungai, ini biasanya dilakukan oleh pasangan muda mudi yg lewat dijembatan tersebut, kami tidak tahu apa maksudnya tp menurut keyakinan mereka, supaya cinta mereka bisa selamanya dan tidak pernah putus, terlihat dari gembok tersebut ada tulisan nama pasangan mereka....wallahu wallam...Jembatan repo repo adalah jembatan yg berada di kutai kartanegara yg menhubungkan pulau kumala yg merupakan destinasi wisata di kukar, sepanjang jembatan banyak tergantung gembok yg terkunci dan kuncinya dibuang kesungai, ini biasanya â€¦Lengkapnya", 31-05-2020,Netral
Kang Trisno,4,"Jembatan penghubung kota tenggarong dengan wisata pulau kumala, dahulu untuk menyeberang pulau kumala harus melewati sungai dengan menggunakan boot atau perahu setempat yang disebut ketinting, namun sekarang cukup berjalan kami saja, walaupun cukup panjang berjalan kaki namun jembatan repo-repo memberikan kesan tersendiri ketika kita melewati sungai mahakam diatasnya.Jembatan penghubung kota tenggarong dengan wisata pulau kumala, dahulu untuk menyeberang pulau kumala harus melewati sungai dengan menggunakan boot atau perahu setempat yang disebut ketinting, namun sekarang cukup berjalan kami saja, â€¦Lengkapnya", 01-06-2019,Netral
Yosoa Putra Raharja,3,Cukup indah di malam hari. Banyak pedagang kaki lima di area yang sudah di sediakan dengan tertib. Banyak pilihan menu makan dan kudapan untuk menghabiskan waktu, 01-06-2019,Positif
abdul lah,5,Jembatan repo repo akses menuju tempat wisata pulau kumala., 31-05-2020,Positif
Jahe Anget,4,Tempat wisata yang representatif buat keluarga, 01-06-2018,Netral
Naufal Izza t,3,"Suasana pas di jembatan sangat indah, cuma kemarin sy kesitu byk sampah sisa penebangan pohon, mohon bagi pemerintah segera membersihkannya, karna tidak terlalu enak di pandang kalau ada sampah yg tersisa", 31-05-2020,Negatif
Wilda,4,"Keren banget. Bakalan ngerasin langsung sensasi semriwinggg.Berjalan kaki melintasi sungai mahakam sembari diterpa angin. Hati-hati saat berjalan karena terkadang angin bertiup kencang dan membuat agak koleng. Tapi tenang saja, aman, dinding jembatannya tinggi kok.Fyi, di sepanjang jembatan bisa memasang gembok gembok cinta ala-ala drama korea, wih romantis ngk tuhhhKeren banget. Bakalan ngerasin langsung sensasi semriwinggg.Berjalan kaki melintasi sungai mahakam sembari diterpa angin. Hati-hati saat berjalan karena terkadang angin bertiup kencang dan membuat agak koleng. Tapi Ã¢â‚¬Â¦Lengkapnya", 31-05-2020,Netral
Akhmad Andika Ramadhan,4,"Jembatan yang menghubungkan antara kota tenggarong dengan pulau kumala ini sangat indah pada malam hari maupun siang hari,tiket untuk melewati jembatan ini pun sangat terjangkau, yaitu tak sampai 10.000 rupiah.pada malam hari banyak tempat makan di bawah jembatan ini dan saat makan atau nongkrong akan mamanjakan mata dengan pemandangan jembatan ini pada malam hari.Jembatan yang menghubungkan antara kota tenggarong dengan pulau kumala ini sangat indah pada malam hari maupun siang hari,tiket untuk melewati jembatan ini pun sangat terjangkau, yaitu tak sampai 10.000 rupiah.pada malam hari banyak tempat Ã¢â‚¬Â¦Lengkapnya", 01-06-2019,Netral
dayah mols,5,"Sekarang akses untuk menuju pulau kumala bisa melalui Jembatan repo-repo. Untuk yang mau menggantung gembok cinta bisa di pagar jembatannya. Sebenarnya nggak capek jalani jembatannya, yang buat capeknya pas naik tangga buat ke jembatan.", 01-06-2017,Positif
Heny Thania,3,Jembatan etnik dri Kukar..Keren klo dbt fto2..Tpi syangny di dlm kurg terawat..luas tmptny..cm byak yg rusak.Klo di kelola lbih bgus lgi..lebih indah&menarik wisatawan dri dlm maupun dri luar.Tmpt wisata di Kukar yg perlu dperhatikn lgi..Semoga lbih indah lgi..Ã°Å¸â€˜Å’Ã°Å¸â€˜Å’, 31-05-2020,Negatif
Tech Studio,5,"Dngan adanya jembatan ini masyarakat maupun wisatawan dapat menyebrang menuju pulau kumala tanpa menggunakan kapal, tempatnya bagus buat kmu untuk fotoÃ‚Â²", 01-06-2018,Positif
Ida Sarbaini,2,"Pernah 3 kali menggunakan jembatan reppo reppo untuk menyebrang sungai Mahakam menuju pulau Kumala... Pulau Kumala sendiri adalah tempat wisata di Kukar yang dibanggakan dan merupakan tempat wisata baru terpopuler ke 2 di Indonesia setelah tempat wisata Bono Pelalawan Riau versi Anugerah Pesona Indonesia tahun 2017..Keren kan... Ayo tunggu apalagi segera lewati jembatan reppo reppo, atau yang di kenal sebagai jembatan gembok Cinta yang ada di Kutai Kartanegara Kalimantan Timur..Pernah 3 kali menggunakan jembatan reppo reppo untuk menyebrang sungai Mahakam menuju pulau Kumala... Pulau Kumala sendiri adalah tempat wisata di Kukar yang dibanggakan dan merupakan tempat wisata baru terpopuler ke 2 di Indonesia setelah Ã¢â‚¬Â¦Lengkapnya", 01-06-2018,Negatif
Wuryansari Muharini,5,"Jembatan di atas sungai Mahakam yg mengantarkan kita ke Pulau Kumala, daratan kecil di tengah sungai Mahakam. Di kejauhan kita bisa memandang jembatan Kutai Kartanegara Tenggarong. Akan nyaman bila pengunjung membawa payung saat cuaca panas.", 01-06-2018,Positif
Khoirul M,2,"Pemandangan dari atas jembatan sangat bagus, sayang saat terik matahari gak bisa lama lama menikmati pemandangan karena jembatan tdk ada atap maupun tempat berteduh.", 01-06-2019,Negatif
Pudjianto 79,4,Bagus ...lebih bagus bila ada penerangan lampunya di seputaran jembatannya, 05-07-2023,Netral
Ramdan Hanafi,4,Jembatannya bagus buat foto-foto tapi paling utama adanya jembatan ini bisa lebih memudahkan para pengunjung yang ingin ke Pulau Kumala, 31-05-2020,Netral
MzFeby,5,Tempat rekreasi di kota raja tenggarong menuju pulau kumala, 01-06-2019,Positif
Liliana,4,We visited on the weekdays. It is half close.There is only 2 food stalls open.The bike rental does not have fixed price so it is better to bargain.The place is not well maintained and only crowded during weekend or holidays., 01-06-2019,Netral
Markho Lepa,5,Jembatan pejalan kaki ke Pulau Kumala menyebrangi sungai Mahakam, 01-06-2018,Positif
Aisyah Nur Sevin,4,"Kemarinn saya  bawa tamu dari pulau jawa, kebetulan mereka dtang dengan orng tua kesian ga bisa ikut nyebrang orang tuanya...Karena perjalnannyan jauh  sepanjang jembatan. Semoga ada solusi nntinya ..", 31-05-2020,Netral
utari mazlan,5,"Jembatan Repo-repo, jembatan menuju pulau kumala. Repo ( bahasa kutai) artinya gembok.", 01-06-2019,Positif
Letter G,5,"Satu satunya akses menuju ke Pulau Kumala yang bisa ditempu dengan berjalan kaki melewati jembatan Repo Repo. Sangat instagramable, dan bergaya vintage.", 31-05-2021,Positif
immanuel jeryco,3,Salah satu objek wisata di kabupaten kutai kartanegara, 01-06-2018,Negatif
Rahmat Deseptrin,5,"Setiap hari baru memberi kita kesempatan untuk membuka lembaran baru kehidupan kita; kesempatan untuk memperbaiki semua yang masih kurang; kesempatan untuk berbuat yang terbaik. Jadi ucapkan ""Terima kasih Tuhan"" setiap hari, bukan hanya pada hari  (akhir pekan). Mudahan berkah aja terus", 01-06-2019,Positif
Muh. Aksa Sidik,5,Nyaman buat tempat refresing dan foto foto, 31-05-2020,Positif
Sry Warny,1,"selain jmbtn repo""..yg unik.. p Kumala yg eksotic teduh ..nyman utk berekreasi dan berolahraga brsm klrg  jg dispnjng jln tepi sunga menuju jmbtn Repo"" kita bs mlht pemandngn para pengunjung brsm klrg menggelar tikar  sdg mnikmati mkn siangx..nikmaaat bngeet...Bahagiaa liatx", 01-06-2019,Negatif
Joe Kely,5,"Pulau delta yg terletak di tengah sungai Mahakam, pulau ini di jadikan sbg tempat wisata keluarga. Saat ini memiliki jembatan penyebarangan khusus perjalan kaki. Klo ke sini jgn lupa bawa ""GEMBOK _CINTA"" ( gembok yg udah diukir nama-mu & pasangan-mu) lalu di gembok-an ke jembatan ""Repo-Repo"" agar kasih sayang kalian tetap ABADI.", 01-06-2017,Positif
Fithri Imamah,5,"Pulau aja kamu seberangin, apalagi jembatan penyebrangan ya yank.,, love u ayaaank sayang., Indahnya masih sama, kala siang dan senja. Belum main ke Tenggarong namanya klo belum melewati jembatan ini untuk keliling Pulau Kumala.", 01-06-2019,Positif
syahyurifani ar,4,Jangan lupa bawa payung klo ksini, 31-05-2020,Netral
Angga Dedy,4,Sebenarnya asik juga buat jalan bersama pasangan, 31-05-2020,Netral
septian tri satria,5,Bagus karena cuma bisa dilewati dengan jalan kaki, 31-05-2020,Positif
Septi Mangi,5,"saat saya berkunjung ke pulau ini, wahana dan dalamnya sepi sekali dan low maintenance, padahal wisata ini sangat berpotensi menyamai Jatim Park jika dikelola dengan baik, aamiin.", 01-06-2018,Positif
Fathur Ramadhan,5,Saya suka dan pernah di Jembatan Repo-Repo Kumala. Sangat bagus sekali ï£¿Ã¼Ã²Ã¤ï£¿Ã¼Ã²Ã…ï£¿Ã¼Ã²Ã‘ï£¿Ã¼Ã«Ã§â€šÃ¹Ã¥ Kendaraan masuk jembatan ini tujuan ke Pulau Kumalaâ€šÃºÃ– Jalan kaki masuk jembatan ini tujuan ke Pulau Kumala, 31-05-2021,Positif
rina zainun,5,Jembatan yg sangat bagus ... berjalan kaki  menyusuri sungai dari atas jembatan sambil memasang gembok cinta d terali nya sblm sampai ke pulau kumala, 01-06-2018,Positif
Suharjo Laksono,5,"Jembatan Repo-repo, dibangun tahun 2016 Dan selesai pads th 2017 merupakan jln penghubung Angara lots tenggarong menuju play Kumala yang berada ditengang Sungai Mahakam kebetulah pulau tersebut masih breads Di wilayah kota Tenggarong.Pulau Kumala kini menjadi obyek Wisata yang terbaik Di lots tenggarong, sebelum dibangunnya Jembatan, dulu para wisatawan menggunakan kapal ataupun perau  until sampai Di pulau itu, Mempertimbangkan keselamatan para pengunjung yg semakin memenuhi antrian nail kapal, pemerintah Daerah kemudian membangun jembatan yang kurang lebih lanjangnya 500 meter, Dan kini jembatan Repo-repo menjadi jembatan yang sangat Di idolakan muda mudi until ber selfie Diana's sungai mahakam Tampa Ada gangguan kendaraan yg hilir mudik.Jembatan Repo-repo, dibangun tahun 2016 Dan selesai pads th 2017 merupakan jln penghubung Angara lots tenggarong menuju play Kumala yang berada ditengang Sungai Mahakam kebetulah pulau tersebut masih breads Di wilayah kota Tenggarong. â€šÃ„Â¶Lengkapnya", 01-06-2018,Positif
lilis ariyani,4,Jembatan penghubung antara kota tenggarong ke pulau kemala...di dominasi warna kuning....di pinggir jembatan dibuat lock of love (gembok cinta) ala2 di luar negeri...kalo malam kawasan parkir jembatan ini...jd wisata kuliner..., 01-06-2019,Netral
Hasyim Mudzakir,2,"Akses untuk menyeberang ke Pulau sudah bagus dan lebih safety,  namun sayang di dalamnya banyak wahana yang tidak dirawat dan sayang sekali banyak yang sudah rusak.", 01-06-2019,Negatif
Ami Suryaone,4,"Suka sama suasananya krn tdk membosankan, ada badut"" yg bisa ngilangin bosen krn jembatannya yg panjang. cuma ada beberapa sampah dr pengunjung yg tidak bertanggungjawab ckckck", 01-06-2019,Netral
Kangimam (Imam Madhani),4,Nikmati sunset disini memang berkesan. Sempat mengajak orang baru dari luar kota kesini dan membuat mereka terkesan. Haturnuhun kota Tenggarong dan warga sekitar atas keramahannya ï£¿Ã¼Ã´Ã¨, 31-05-2020,Netral
Lastthree Cute,5,Jembatan kuning yg bnyk digantungi gembok2 cintaï£¿Ã¼Ã®Ã­â€šÃ´â€¢Ã”âˆÃ¨, 31-05-2020,Positif
Megan Lana,5,"Salah satu ikon yang ada di kota tenggarong, untuk naik ke jembatan repo-repo di kenakan biaya 7000 per orang,Dan di seberang banyak wahana yang di sediakan", 01-06-2018,Positif
Ridho koceng,1,Sangat indah pemandangan dari atas jembatan ï£¿Ã¼Ã«Ã§ï£¿Ã¼Ã«Ã§, 01-06-2018,Positif
Sugiarti Ramadan,3,Sebenarnya tempatnya bagus TAPI kurang dikelola dgn baik byk wahana yg mangkrak pdhl itu aset yg menguntung kn bila difungsikan kembali. Ayolah lebih dihidupkan lagi seperti duluu..., 01-06-2018,Negatif
Kuat Waluyo Jati,5,Nunasa berfoto pada jembatan penyeberangannya sangat menyenangkan. Mengakhiri perjalanan menyusuri Pulau Kumala menggunakan perahu juga menyenangkan., 01-06-2019,Positif
Made Urip R.,5,Jembatan khusus pejalan kaki yg menghubungkan kota tenggarong dan pulau kumala... kendaraan sepeda motor ataupun sepeda tidak boleh lewat..., 01-06-2018,Positif
Rizal Basitha,5,Jembatannya unik dan bagus buat foto foto, 01-06-2018,Positif
Naomi Rarukan,5,"Jembatannya bagus, banyak gembok dipinggirannya buat yg mau buat drama ala-ala korea tuh cocok disana, suasananya juga ok, siang panas banget", 01-06-2019,Positif
AISRA Official Channel,4,"Bagus sie jembatannya,  tapi lumayan jauh pas mau ke pulau kumalanya jalan kaki,  pas cuaca panas , sangat terasa sekaliğŸ˜", 01-06-2018,Netral
Inggrit Candra,5,Inilah salah satu alasan saya mencintai tenggarong, 01-06-2017,Positif
Zulkifli Dunggio,3,Cukup bagus untuk liburan akhir pekan. Baiknya disediakan akses mobil untuk menuju pulau, 31-05-2022,Negatif
Acep Suparman,2,Asik juga menyebrangi Sungai Mahakam dari Kota Tenggarong ke Pulau Kumala melalui jembatan wisata ini.  Waktu yang baik adalah sore hari sampai sunset., 01-06-2018,Negatif
Herri Yaddi (Her-Boy),3,"Sangat bagus buat keluarga yg pengen bikin acara atau ngumpul2 bawa anak2 xa.....Dan bagus jga buat orang yg berbasangan, dan berpoto praweding buat pernikahan .....", 01-06-2019,Negatif
Chelsea Hertinia,5,"wisata yang sepertinya harus dikunjungi jika ke kutai kartanegara. pulau kecil yang unik, fasilitas didalamnya juga banyak. jadi bisa berkeliling tanpa lelah.", 01-06-2019,Positif
Yulius Faizal,5,"Jembatanya bagus bisa lihat sungai dng jelas,  tetapi takut juga sungai mahakam ternyata lebar juga,  Tenggarong kota nya nyaman aman tentram,  ok dech kotanya", 01-06-2019,Positif
Wafiq Azizah,5,*Jembatan yang sangat bagus*Pemandangan di atas jembatan juga indah karena terletak di atas sungai mahakam*juga terdapat gembok2 cinta yang bergelantungan di sepanjang jembatan, 01-06-2018,Positif
Bukhari,4,Recomended buat foto-foto dan take video ï£¿Ã¼Ã²Ã‡, 01-06-2018,Netral
Suci Fitriani,5,Pemandangannya bagus. Jembatan ini merupakan jembatan penghubung menuju pulau kumala, 31-05-2023,Positif
Zulfiqar Hafid,4,"Ide yg sangat baik membuat jembatan penyeberangan dengan berjalan kaki, jdi bsa menikmati pemandangan sungai yg bagus", 01-06-2019,Netral
Anoop A V,5,"Pulau Kumala is a nice place to spend evenings, it is sad to see many of the attractions were not working when I was there but worth for 7000 rp entry fee.", 01-06-2019,Positif
Neo Aprela,5,Seruuuu..Menyenangkan dg bejalan kaki menyeberangi sungai mahakam kemudian berkeliling di pulau kumala.ï£¿Ã¼Â§Ã³, 31-05-2023,Positif
Muhammad Hasan_ Official,5,Enak untuk Duduk duduk Santai bersama Doi sambil Nglihat pemandangan Lampu jembatan di Malam Hari. Hehehe, 31-05-2022,Positif
khamsi fadillah,5,"Untuk yang suka alam dan sejarah, kalau ke Kutai rugi kalau gak kesini. Tempat yang Indah dengan banyak pepohonan dan terdapat beberapa bangunan khas daerah Kalimantanï£¿Ã¼Ã§Ã‡", 31-05-2021,Positif
Edrin Alpemsa,3,"Perlu dikembangkan lagi wahana dan fasilitas pariwisata nya, agar tenggarong semakin dikunjungi wisata lokal maupun mancanegara", 31-05-2020,Negatif
Abdul Galib,2,"Mohon utk air yg masjid supaya ngalir terus,agar kami pengunjung bisa berwhudu.terima kasih sebelumnya", 01-06-2019,Negatif
Farra Aulia,4,"Mengunjungi pulau kumala pertama kali tahun 2007, dan masih dengan menyebrang via kapal. Sekarang sudah jauh berbeda, lebih efisien dengan jembatan.", 01-06-2017,Netral
Indra Rahmad 182,5,"Tempat ini bersih dan baik untuk spot berfoto ,pemandangan sangat indah apalagi disaat senja kita bisa melihat sunset", 31-05-2020,Positif
Riza Al Muttaqin,4,Bisa dibilang juga jembatan cinta karna jembatan ini memiliki ruang kosong untuk meletakkan gembok anda dan pasangan anda layaknya jembatan yang ada dikorea, 01-06-2017,Netral
Norma Baena,4,"Nyeberang jembatan panjang pake kaki, kalau mau ke patung besarnya bisa pake kaki tpi jauh jadi harus nyewa sepeda/motor", 01-06-2019,Netral
Yanwar Satriawan,5,Bgs tp ada yg menyesal untk peninggalan sejarah rmh2 adat tdk d rawat mohon pihak terkait spy d lestarikan, 31-05-2020,Positif
Alpiansah,5,ï£¿Ã¼Ã«Ã§ï£¿Ã¼Ã«Ã§, 03-10-2023,Positif
FISHER REINSTEIN,5,"Jembatan Repo - Repo, Jembatan penghubung antara Jln. K.H Akhmad Muksin & Pulau Kumala.Jembatan ini spot terbaik untuk berphoto.. jembatan ini juga di buat untuk mengenang Jembatan Kutai Kartanegara yg runtuh tahun 2011 silam.Jembatan Repo - Repo, Jembatan penghubung antara Jln. K.H Akhmad Muksin & Pulau Kumala. â€šÃ„Â¶Lengkapnya", 31-05-2020,Positif
syafira indah,5,Keren memang ngidam sekali foto disini wkwkwk, 31-05-2020,Positif
Putri Aji Indigo,2,"Ndak suka warnanya, tidak menjadi ciri khas Kukar sudah berubah warna merah", 31-05-2023,Negatif
Veliyana L.A,4,"pulaunya dikelola dengan baik namun akan lebih baik lagi jika beberapa spot tempat dirawat, dibersihkan dan difungsikan agar menarik minat", 01-06-2018,Netral
Ronny Saputra,5,Mendaftarkan tempat usaha sangat mudah, 02-12-2023,Positif
Retno Susilawati Wibowo,4,"It was beautiful but heart breaking see all those buildings and parks, abandoned. For me, its just fine. Cause we love the view, the trees, the birds chirping.", 31-05-2020,Netral
Kurnia Darmawan,3,Banyak pohon sehingga suasana juga adem. Lokasi cukup bersih dan terawat. Sayang tempat makannya masih tidak tertata dengan baik., 01-06-2018,Negatif
Hana Permata,2,"Lampu jembatan nya kalo malam remang gelap, terlihat kumuh, coba di beri lampu hias agar saat pemandangan malamnya bagus", 01-06-2018,Negatif
adie bagas,3,Suasana asri sambil mwngayuh sepeda yg disewakan di dalam pulau kumala tenggarong..asik buat santai dan bercengkrama bersama keluarga, 01-06-2019,Negatif
Tuyung,5,Jembatan yg baru dibangun di KUKAR untuk memudahkan akses berlibur bagi para wisatawan lokal mau pun mancanegara., 01-06-2019,Positif
Joyo Londo,5,"Jembatan repo-repo Kukar akses utk ke tempat wisata pulau Kumala, suasana nya bagus membelah sungai Mahakam.", 31-05-2020,Positif
Andi Ramadhan,5,Tolong untuk kawasan wisata lebih di perhatikan lagi perawatannya sayang kalau cuman jadi tempat ngga kerawat gitu, 31-05-2020,Positif
Aries Gunawan,5,Salah satu alternatif Tempat wisata keluarga yang menarik. Terdapat penyewaan motor listrik untuk keliling pulau dari ujung ke ujung, 01-06-2018,Positif
Muhammad Arif Rahman,5,Hiburan Cocok buat anak, 01-06-2019,Positif
JZ13PACH DODDY,4,"Tower of transport,  You can see Tenggarong city from Makassar, and also the beautiful Mahakam River, You can also enjoy the view of the Mahakam River from the cable car / Gondola.", 31-05-2020,Netral
Abdurrahman AR,5,Kesini wajib Weekend! Biar gak horor Hhaha, 01-06-2017,Positif
Arip Setia Budi,5,"Tempatnya indah, cocok buat mengambil foto kenangan bersama keluarga,pasangan hidup, dan cocok juga untuk olahraga pagi dan sore", 31-05-2020,Positif
Ronin 999,5,Bagus sayang gak terlalu terawat, 31-05-2020,Positif
Dedy Setiawan,5,"ke kota Tenggarong tidak lengkap rasanya jika tidak berkunjung ke pulau kumala, dengan jembatan khas nya Repo-Repo yg menjadi salah satu ikon wisata", 01-06-2019,Positif
H. Panca Ramadhani . doni,5,"Kami pioner travel pertama di tenggarong,kutai kartanegara. Dan smpai skrang dgn persaingan ketat.. alhmdlillah msh di percaya para konsumen utk mlayani anda", 01-06-2019,Positif
Asri Kurnia,3,Sebenarnya Good tapi sayang kurang terawat sekrang :(, 05-07-2023,Negatif
Jara Kada,3,"Penyeberangan dengan perahu motor tradisional sensasinya lebih menantang dan seru, namun dengan jembatan jauh lebih praktis dan aman.", 01-06-2018,Negatif
Ragil yoga pamungkas,5,"Tempat yang tepat untuk liburan dikala gabut,tempatnya luas bisa sekalian jogging pren wkwkwk.", 31-05-2020,Positif
syarifah â€œYuyun Habsyiâ€ khairunissa,3,"Mohon ditambah jalanan yg friendly untuk orang tua, karena waktu saya bawa ibu saya kesana gak sanggup naik tangga..", 01-06-2019,Negatif
Irianta Jo,3,"Tidak terawat dg baik, fasilitas banyak yg tdk berfungsi. Pengunjung relatif sedilit", 01-06-2019,Negatif
eri topik gunawan,4,Tempat nyaman nongkrong sore hari, 01-06-2018,Netral
Septiawan Rizki,5,Baru pertama kali lewat sini bagus lah konsepnya. Dibikin ada gembok di kanan kiri ala2 romansa anak muda ngikutin orang barat, 01-06-2019,Positif
Tya Tarigan,4,"Tempat wisata yang cocok untuk keluarga, htm terjangkau, sayangnya banyak wahana permainan yang sudah tidak dijalankan", 01-06-2018,Netral
Muamar Sabilul,4,Destinasi wisata di kutai kartanegara yang cukup memprihatikan kondisi nya kala itu, 31-05-2023,Netral
Agus Tudahlina,5,Jembatan repo2 tempat penyeberangan menuju pulau kumala dan di pulau skrng sarana utk rekreasi cukup bagus ...., 01-06-2019,Positif
dila.flawor_12,5,dahulu jika imgin ke wisata pulau kumala. harus naik perahu. kini tidak perlu repot. karna sudah jembatan untuk pengunjung wisata pulau kumala, 31-05-2020,Positif
rudi ansyah,5,Tempat wisata bersejarah, 31-05-2020,Positif
adi darmawan,3,"Jembatannya cukup bagus, sayang belum selesai semua, khususnya air mancur yang ingin dibangun", 01-06-2017,Negatif
alifa chennel,5,Suka suasananya  berkali kali datang kesiniKalo pagi hari udaranya yang segar sinar matahari yg hangatğŸ˜ƒğŸ˜„, 01-06-2018,Positif
dewina sinaga,5,Sila nikmati keindahannya tapi jangan rusak dengan sampah yang kita bawa. Kalau piknik jangan lupa bawa sampahmu..jangan rusak keindahan dengan kemalasan dan kebodohan kita., 01-06-2019,Positif
adinda banowati,4,Tempat nya bagus dan cukup indah buat berlibur baik bersama keluarga atau perpisahan sekolah, 01-06-2018,Netral
Andy Sidharta,2,Not bad, 01-06-2018,Negatif
muhammad saleh,5,Aksesnya ditutup selama covid, 31-05-2022,Positif
Suriadi Amirdana,3,Tempat rekreasi yang enak yang di dalmnya terdapat tempat rekreasi untuk keluarga baik di hari libur maupun di akhir pekan, 01-06-2018,Negatif
Konly Herdianto,4,"Dari atas jembatan Repo,indahnya sg,Mahakam.", 31-05-2021,Netral
januar,5,"Jembatannya sekarang seperti kurang terawat,  banyak besinya yg mulai berkarat", 31-05-2020,Positif
Maulina Sulchan,5,Jembatan nya panjang..jika terik pastikan bawa topi dan kaca mata..tiket masuk dg e-money. Keren ï£¿Ã¼Ã«Ã§, 01-06-2018,Positif
Auliya Muhammad,3,"nasi goreng enak di depan jembatan Pulau Kumala, rasanya bertambah lebih enak saat dimakan ketika kelaparan.", 31-05-2020,Negatif
ardiansyah aulia rahman,5,Sudah enak melintasi jembatan repo repo ke pulau kumala ga mesti pakai perahu lagi., 01-06-2019,Positif
Her Susanti,2,Kedua kalinya kesini.. Krn bersama teman dan keluarga . meskipun panas dan hrs berjalan menyebrang.. Rasanya menyenangkan, 01-06-2018,Negatif
Arum Kusuma,4,Tempat yang bagus sekali!  Semoga lebih ditingkatkan lagi perawatan bangunannya, 31-05-2021,Netral
Lies Permana,5,mahakam river view. so beautiful, 01-06-2017,Positif
Kumal Vlog,5,Tempat wisata Tenggarong Kutai Kartanegara, 01-06-2019,Positif
Denis J,3,Sunyi joging di sini , 01-06-2019,Negatif
Johannes Septiawan,5,Pengalaman makan mie Jogja yang rasanya mendekati rasa Jogja asli, 31-05-2023,Positif
Rory Januari,4,Destinasi wisata kota raja Tenggarong, 31-05-2021,Netral
Ahmad Mauluddin,5,Tempat yang bagus untuk liburan bersama keluarga fasilitasnya mendukung pokoknya di jamin nyantai..., 01-06-2018,Positif
Arief Rahman Hakim,3,Salah satu tempat yang harus di kunjungi kalau lagi di Tenggarong ï£¿Ã¼Ã²Ã…, 01-06-2018,Negatif
Khafidhotun Naimah,5,Jalan penghubung untuk sampai ke pulau kumala., 01-06-2019,Positif
DOWN TUNG,5,Pemandangan yg sangat indah bisa langsung dilihat dari atas jembatan.. Sangat bagus sekali, 01-06-2018,Positif
Abdul Rokhim,5,"Perlu dikelola dengan baik, diberi lampu tematik biar makin cantik..", 31-05-2023,Positif
Bang Junet,4,Tempat yang bagus buat foto apalagi pas sunset cuma terlalu panas saat tengah hari, 01-06-2017,Netral
Bobby Sukardi,2,"Sepi,dan belum d kelola dengan maksimal", 01-06-2018,Negatif
stevani song lawing,5,tempat yang nyaman spanjang pinggir sungai yg sejuk jembatan yang indah. Tempat tempat bersama orang-orang yang kita sayangi, 01-06-2019,Positif
Mochammad Diki Nurcahyono,3,Tempat wisata yang bagus 24 jam. Tpi jembatan d buka jam 8 pagi., 01-06-2018,Negatif
Suyono,5,"Asik ada jembatan penyeberangan ke Pulau Kumala, jadi nggak perlu repot lagi pakai kapal", 01-06-2017,Positif
Eka Wulandari,5,jembatan ini bersih.nyaman bgt buat jalan kluar masuk nya.buat be selfi ria.mantap bgt., 31-05-2020,Positif
Natasha tri juliani,5,"Tempat ini cocok sekali untuk wisatawan,  disini banyak spot2 untuk berfoto yang sangat Bagus. â˜º", 01-06-2018,Positif
Priyo Santoso,4,Paling enak nyebrang kalo lagi gak panasJangan lupa bawa gembok biar kayak di koreaHahaha, 01-06-2019,Netral
Yusak S.A. Nugroho,4,"During pandemic, nothing much you can see", 31-05-2021,Netral
Yudi Nurahman,2,"Cakep sih nyebrang sungai jalan kaki di jembatan, tp klo pas panas ya gosong", 01-06-2018,Negatif
ima dudin,5,TUTUP PERMANEN, 31-03-2024,Positif
Hiroshi Aorama,5,"Jembatan repo-repo, tempat wisata di kota raja Tenggarong kab.kutai kartanagera yg merupakan jembatan akses ke pulau wisata kumala", 01-06-2018,Positif
SENJA SH,2,Menunggu jembatanya di hias lampu seperti janji bu rita agar terlihat seperti di luar negeri, 01-06-2019,Negatif
Indra The Dm-x,5,Wadah cuci mataï£¿Ã¼Â§Â£, 31-05-2021,Positif
Adil Pratama,4,Spot foto yang keceeee dahï£¿Ã¼Ã²Ã§ï£¿Ã¼Ã²Ã§ï£¿Ã¼Ã«Ã§wisatanya mantull khas dari Tenggarong... Cuma panass nih kalo siangÂ¬â‰¤ + berdesakan, 01-06-2019,Netral
Heri Setio,4,"Kalo jembatannya sih bagus2 aja, ï£¿Ã¼Ã²Ã…, cuma tdak ada penjaganya", 31-05-2020,Netral
I Wayan Kerta,4,Indah dan asyik. Namun kata orang sini mulai kurang perawatannya. Sayang sekali., 01-06-2017,Netral
yustinus arista k,5,Jembatan yg bagus, 01-06-2018,Positif
Coy Fadli,5,"tempat wisata murah tapi gak murahan,unik dan yang pasti gak jauh dari rumah (WISATA KOTA RAJA)ï£¿Ã¼Ã«Ã§ï£¿Ã¼Ã¨Âªï£¿Ã¼Ã«Ã§ï£¿Ã¼Ã¨Âªï£¿Ã¼Ã«Ã§ï£¿Ã¼Ã¨Âªâ€šâ‰ Ãªâ€šâ‰ Ãªâ€šâ‰ Ãª", 31-05-2020,Positif
Agung Suprianto,4,Jembatan Penghubung Kota Tenggarong dengan Pulau Kumala yang hanya dapat dilalui dengan berjalan kaki..., 01-06-2019,Netral
samberi1212 channel,5,Utk joging dan jalan santai menikmati teduhnya dan rindangnya dibawah pohon. Di pulau Kumala, 31-05-2020,Positif
Husna 19,3,"Tempat wisata yg menarik, saran agar tempat sampahnya diperbanyak", 01-06-2019,Negatif
Herman C,5,Bagus.. lebih di percantik dan di perindah lagi.. jembatan paling tidak di cat lagi dong.., 01-06-2019,Positif
Romi Wahid,5,Tmptnya spot foto banyak dan bagus untuk tmpt rekreasi bareng keluarga, 31-05-2020,Positif
Andi Makkulawu,4,Tempatnya bagus tapi butuh perhatian dari Pemerintah dan juga masih perlu promosi, 01-06-2019,Netral
Sri Norhayati,3,"Cape naik turun tangganya,permainan bikin nyerobot kalau mau naik mobil keliling...", 31-05-2020,Negatif
Syarif Hidayatullah,4,"Spot bagus sekalian belajar sejarah kutai, karena dekat dgn museum kutai", 01-06-2018,Netral
Rismet Kaltim,5,Bubur Ayam Bandung nguenaaah..., 31-05-2021,Positif
Si Gembul -,5,Indah diwaktu sorw hari, 01-06-2018,Positif
Noor Bayti,5,Buat olah raga sore juga ok habis itu bisa langsung wisata kuliner, 01-06-2018,Positif
Sloter bray,5,rugi klo gk ksni, 01-06-2019,Positif
C.A Fauzi,5,"Pulau kumala, tujuan utama kalau jalan jalan ke Tenggarong", 31-05-2020,Positif
Rendy Rendymulawarman,5,"Jembatan repo repo, adalah tempat kita menyebrang ke arah pulau kumala yang banyak orang berpariwisata.", 01-06-2019,Positif
Arif Risdianto Karim,4,"Instagramabel banget, bisa utk foto2 dan pemandangan bagus", 31-05-2022,Netral
Dicky Dewantara,4,"Setelah jembatan ini ada, ga repot lagi buat nyebrang. Sehat juga jalan kaki.", 31-05-2020,Netral
Maya Nurfitriani Hartono,3,"sudah ada pembatas di tengah tengah jembatan, tidak bisa foto bebas âœŒâœŒ", 31-05-2020,Negatif
aisyah tisham,5,Banyak tempat tempat yg bersejarah...dan banyak mainan nya :3, 01-06-2019,Positif
Slamet Daeroni,4,Tempat wisata bagus cuma pelayanan perlu di tingkatkan, 01-06-2018,Netral
Lilis Sugiarti,5,Lumayan jauh berjalan tapi pemandangan nya indah jadi rasa jauh nya hilang, 31-05-2020,Positif
nuchan baby,3,Parkir mobil nya susah kalo pas rame n parkir nya jd mahal, 01-06-2019,Negatif
Official Partner,2,"Nyebrang jembatan harus bayar, hanya ada disini, tempat lain free.", 31-05-2020,Negatif
Rada Ariyanti,5,Kalau siang pas terik gak pakai topi atau payung bakal capek ğŸ˜¬, 31-05-2021,Positif
Muhammad Yasin,5,Jembatan penghubung dari dan ke Pulau Kemala, 31-05-2020,Positif
Set Doanta Meliala,5,Jembatan Lumayan Panjang.Kalau siang hari cukup panas melewati jembatan ini., 31-05-2020,Positif
Reza Fahmi (Rere),4,Masih terawat dengan baik, 02-11-2023,Netral
BAYU PUTRA,4,Apakah pulau kumala masih buka? Untuk bulan september tahun 2021 ini?, 31-05-2022,Netral
Yudi Venny,4,Wadah wisata yg unik...tapi kurang fasilitas yg memadai...., 01-06-2018,Netral
afif zhar77,3,Ada tempat gembok cinta..walaupun tidak sebanyak gembok cinta di negara liar sana, 01-06-2018,Negatif
Edy Mardian,5,Menarik dan sangat mendukung utk wisata ke pulau kumala, 01-06-2018,Positif
Rusliansyah Ilham Karsidi,5,Tempat yg asyik menuju pulau Kumala Tenggarong, 31-05-2023,Positif
Lilik Yunisa,5,jembatannya kece...tp sayang pulaunya kurang terawat, 01-06-2019,Positif
sutikno12,4,It was nice but unfortunately some facilities was not mantained well. Need attentions from the government, 01-06-2019,Netral
Pengamat Saham,5,Pusat keramaian di kota tenggarong setiap sore hari.. Apalagi hari libur, 01-06-2018,Positif
Metro City,5,Tempat bermain anak-anak cocok buat santai..., 01-06-2018,Positif
Alan Nuari 06,5,"Tempatnya asyik, makanannya enak, minumannya banyak dan ramah dikantong", 31-05-2020,Positif
Rina Abdul,5,Salah satu tempat wisata yang menghibur dan untuk waktu liburan, 01-06-2019,Positif
Soni Fredianto,5,Suasananya romantis bgt, 31-05-2020,Positif
Olli Chandra,5,Sempit karena gada jalur pulang dan pergi hehehe, 01-06-2019,Positif
mudji albanjari,5,Tempat nya bagus untuk di kunjungi bersama keluarga, 31-05-2020,Positif
ARMAND AVATAR,5,Salah satu tempat wisata di kotaku tenggarong kutai kartanegara, 31-05-2021,Positif
Ekha Baboenk,4,Bagus karena saya sering kesana nyaman tempatnya, 01-06-2018,Netral
Norssca Wuisang,5,Tahun 2006 Jembatan Repo-Repo belum dibangun., 31-05-2023,Positif
shakila ilma,3,tidak nyaman, 31-05-2020,Negatif
Ken Arik,5,Bagus, 02-12-2023,Positif
Haeril Hamzah Haeril,5,bagus......jg nyaman, 31-05-2023,Positif
Dedi Jito,3,Butuh perhatian dari dinas terkait agar makkin mantap, 31-05-2020,Negatif
Ary Lutfiansyah,3,Cocok bawa keluarga skalian rekreasi, 01-06-2017,Negatif
Hans,5,Seruuu panjang jembatannya capek jalan, 31-05-2020,Positif
Kardo Yosi MS,4,Tempat nyore asik, 03-09-2023,Netral
Sury anto,5,Kondisi area hiburan yang menarik, 31-05-2020,Positif
Muhammad Evandi,5,Tempat parkir kurang bagus, 01-06-2018,Positif
Deni Mebel,5,Mudah dan bekerja sangat baik, 31-05-2022,Positif
Rudi Simbolon,5,Tempat ini bagus sekali untuk bersantai, 01-06-2019,Positif
Hendra,5,Mempermudah akses ke pulau wisata kumala, 01-06-2017,Positif
Suka_bobo (Fahrizal),5,Mantap... Bagus buat treveling, 31-05-2020,Positif
Riharnas,4,Perlu dirawat lagi jembatannya, 01-06-2019,Netral
Ryan Ardhiansyah,2,Mantap, 03-09-2023,Negatif
Rahim Hidayat,2,tidak nyaman, 31-05-2022,Negatif
Mas'ud Muhammad,5,Rumah kenangan ibunda tercinta al marhumah, 31-05-2020,Positif
aRes Aishiteru,5,Jangan lupa membawa payung. Itu panas., 01-06-2017,Positif
Herman Tyo â€šÃ„ÃºHerxâ€šÃ„Ã¹ Oetomo,5,Jembatan ini menghubungkan antara Jalan Timbau dan Pulau Kumala, 01-06-2019,Positif
Keluarga ABCD,5,Perbatasan Desa Sukodadi dan Bendang Raya, 31-05-2023,Positif
PUTRA RAJA,5,"Bolehkah anda mengambil foto"" sekitar,,", 01-06-2019,Positif
Ariif D.Q.A,5,"Banyak orang, irit dan enak untuk jalan-jalan menikmati pemandangan bersama teman dan keluarga.", 01-06-2017,Positif
ulis sajja,3,"Tidak disarankan berjalan saat hujan lebat dan terik, setrum gaes", 01-06-2019,Negatif
Susi Lowati,4,"Tempatnya asri, banyak pemandangan dan permainan untuk bersantai bersama keluarga.", 01-06-2017,Netral
Cristy Pelupessy,5,Menyeberang di tengah hari saat panas...wahwww panas sekaliï£¿Ã¼Ã²Ã¹, 31-05-2020,Positif
Iin Asmaja,5,Sungguh menakjubkan adanya sebuah pulau di tengah sungai Mahakan, 01-06-2017,Positif
Pratama Zone,4,"Ramai hanya pada hari , hari lain tidak disarankan untuk dikunjungi", 01-06-2018,Netral
Sukarmin Sukarmin,5,Itu bagus dan harus dijaga.. Selengkapnya, 31-05-2022,Positif
clement kinds,3,"Karena kekurangan uang, mereka harus membangun kembali.Kemudian itu menjadi menyenangkan.Karena kekurangan uang, mereka harus membangun kembali.
Kemudian itu menjadi menyenangkan.Lengkapnya", 31-05-2020,Negatif
John RB,4,panas, 01-06-2018,Negatif
Muhammad Firda Fata Albana,4,Panas Ã°Å¸Ëœâ€, 01-06-2019,Negatif
Fahni Haris,5,"Bukan kesana, bukan ada festival erau", 01-06-2019,Positif
Zachary alimuddin Zahid,3,cocok untuk rekreasi keluarga, 01-06-2018,Negatif
eva simamora,3,Bagus...dan keren, 31-05-2020,Negatif
Jerry Khocenk,5,Ini perjalanan wisata ke Etam, 31-05-2020,Positif
Suhandayu Novianto,5,Asyiknya kalau bawa pasangan, 31-05-2020,Positif
Muhammad Taufiq,5,Ini akan segera dibuka, 31-05-2023,Positif
Nay Nay,5,Apakah pulaunya sudah terbuka?, 31-05-2021,Positif
Afif Qur Rahman,5,Direkomendasikan untuk hiburan, 31-05-2020,Positif
mission mistery,3,tidak cantik, 01-06-2018,Negatif
Andriani 2995,5,Panas gak bercanda Ã°Å¸Ëœâ€¦, 01-06-2019,Netral
Mono Novsar,5,Ini dingin, 01-06-2019,Positif
Who? Kamu Nanyak,5,Di dalam, 31-05-2023,Positif
Why U,5,"Tidak, Ã°Å¸Ëœâ€", 01-06-2019,Positif
Bioliang,4,Bbagus. ., 01-06-2017,Netral
Day Hand,4,Itu menyenangkan, 01-06-2019,Netral
desi ratnasari (Ci),5,Warna coklat tua, 31-05-2022,Positif
shahronas agung,5,Maknyos terasa..., 01-06-2019,Positif
Yasman ARDI,5,gelatik, 01-06-2019,Positif
NKG GAMING,5,Tempat wisata Pulaw Kumala, 31-05-2021,Positif
Ashef Dhika,4,Kereeen, 31-05-2020,Netral
Anank Boyz,4,Keping itu, 01-06-2019,Netral
Ncau Liq,5,Anda, 01-06-2019,Positif
Mr Fulan,5,Kereeen, 31-05-2020,Positif
Rosma Linda lab tech,4,Capekz, 01-06-2018,Negatif
Black Widows,5,Tidak, 31-05-2020,Negatif
arief nurdhani,5,Waktu, 01-06-2019,Positif
Ghulam Sheptiyan Prayoghi,5,Gando, 01-06-2019,Positif
Artina Assya,5,Astaga, 01-06-2019,Positif
erma nurviana,5,pinus, 01-06-2019,Positif
Wahyu Cahyono,3,panas, 01-06-2017,Negatif
Muhamad Riduwan,5,sippp, 01-06-2018,Positif
Denny Macho,5,menyimpan, 01-06-2018,Positif
Kurniadi Adi,5,Pengirim Komunitas, 31-05-2021,Positif
Tiffany KANIA,5,dari, 01-06-2019,Positif
NONO SOUND,5,Siiiipppp......, 31-05-2021,Positif
Bak Jia Tan,5,Cantik, 31-05-2023,Positif
Dayang Fikriyanti,5,Kereen...., 31-05-2020,Positif
Rey Setia,3,Wah, 31-05-2020,Netral
Om Ramlan,5,Yaya, 01-06-2019,Positif
Key Heart,5,muantabbbb...., 01-06-2019,Positif
Jasmine Aria,5,Cantiiiikkkk, 01-06-2018,Positif
Haryanto Hary,5,Bagu, 31-05-2020,Positif
Agus Hendra Halim,5,Kereeeeeennnn, 01-06-2018,Positif
Andhie Boy,5,Kerenkan, 01-06-2018,Positif
Yulian Syah,5,Jembatan rapo-rapo tempat wisata pulau Kumala Tenggarong Kalimantan timur, 31-05-2019,Positif
Nurhadi Utomo,3,Tempat yg tidak bagus, 31-05-2017,Negatif
Aku Wae,5,Makanan mak nyus.. Pelayanan bintang 5, 31-05-2019,Positif
Wati Balikpapan,4,Pertahankan kebersihannya, 04-07-2023,Positif
Dedi Jito,3,Butuh perhatian dari dinas terkait agar makkin mantap, 30-05-2020,Netral
Akhmad Hedrianto,3,"Jembatan yg bagus, sayang kurang terawat dengan baik", 31-05-2019,Netral
Yulia wahyu Ningrum,4,Lucu dan unik, 30-05-2020,Positif
Olli Chandra,5,Sempit karena gada jalur pulang dan pergi hehehe, 31-05-2019,Negatif
Yesha Michellin27,5,Bagus pemandangan nya gak pernah bosen kesini, 31-05-2018,Positif
mudji albanjari,5,Tempat nya bagus untuk di kunjungi bersama keluarga, 30-05-2020,Positif
Hanzo Lean (Hanzo),5,Indah saat malam hari ., 31-05-2019,Positif
Suliwa Buton Jys,5,Keren bangat gaysss, 30-05-2020,Positif
Memo mobile chanel,5,Kota yg indah.., 30-05-2020,Positif
nata,1,Tempat nya bnyk nyimpan kenangan di tgl 12 september, 30-05-2020,Netral
Rasendriya Akmal,3,Naik selis 50rb sejam keliling pulau kumala, 31-05-2018,Netral
angela erly,5,Nice view, 31-05-2019,Positif
DavidEmery,3,Jadi tiga aja karena cat jembatannya kurang menarik, 31-05-2019,Negatif
Alan Nuari 06,5,"Tempatnya asyik, makanannya enak, minumannya banyak dan ramah dikantong", 30-05-2020,Positif
rokhis noor rohim,5,Bagus jembatannya cuma kurang perawatan saja, 30-05-2020,Netral
Abuilmi tgr,5,Jembatan Cinta dan cita. Membawa cinta dari Pusat Kota ke Pulau nan menawan., 31-05-2019,Positif
Thomas P,4,"Sayang masih tutup, semoga segera buka lagi yahh", 30-05-2022,Netral
linawati wati,2,Panas.. Harus berjalan Kaki. Kenapa tdk diatapi lebih enak, 31-05-2018,Negatif
Syahril Ariel,4,Suasananya sangat mengikat bagi org2 yg melihatnya., 30-05-2020,Positif
MUHAMMAD SYAINI (Muhammad Syaini),4,Sangat membantu orang yang ingin berwisata ke pulau kumala.., 31-05-2017,Positif
Dyah Widiarti,3,"Tempat mainan cuman dikit, lumayan menguras kantong", 30-05-2021,Negatif
GA-YA INT-AN,5,melelahkan dan panas... semoga kedepannya dikasih seng, 30-05-2020,Negatif
Rina Abdul,5,Salah satu tempat wisata yang menghibur dan untuk waktu liburan, 31-05-2019,Positif
Aris Budianto,4,Tempat nya bagus dan mudah d akses., 31-05-2018,Positif
Nasikin Poetra,5,"Tempat yang baik untuk rekreasi keluarga, letak di tengah kota Tenggarong", 30-05-2020,Positif
Mhmd Fahlevy,5, pagiâœ¨, 30-05-2023,Positif
Muslim Bayudi,5,"bawa payung , sewa motor 50 per jam", 30-05-2020,Positif
Soni Fredianto,5,Suasananya romantis bgt, 30-05-2020,Positif
Idris Darman,5,Enak sejuk bisa lewat menuju ke pulau kumala, 31-05-2018,Positif
